cwns_code,facility,state,city,latitude,longitude,flow_mgd,median_ch4_kgco2e_day,median_n2o_kgco2e_day,median_co2_kgco2e_day,median_electricity_kgco2e_day,median_onsite_gas_kgco2e_day,median_upstream_gas_kgco2e_day,median_landfill_ch4_kgco2e_day,median_landapp_n2o_kgco2e_day,median_total_emission_kgco2e_day,treatment_train,flow_m3_per_day
23000011001.0,LEWISTON-AUBURN W W T P,ME,Lewiston,44.0756,-70.2044,14.2,18323.81710941296,2393.928450797089,2039.580524782927,1006.408027432773,0.0,0.0,136.6729471624266,371.7133398869837,24272.12039947516,['*A1e'],53752.847332800004
53000776001.0,King County South Treatment Plant,WA,Renton,47.4708,-122.243,122.0,158451.1732635678,109627.1096974963,17335.03169279165,17714.47003921314,0.0,0.0,0.0,6109.54067409423,309237.3253671632,['F1e'],461820.237648
55000380001.0,BEAVER DAM WWTP,WI,Beaver Dam,43.4442,-88.844,5.6,7276.898136060385,5573.360636133963,811.6873498997445,4901.393307617461,0.0,0.0,0.0,762.520939615019,19325.86036932658,['*E1e'],21198.3059904
36001010006.0,NCSD #3 - Cedar Creek STP,NY,Wantagh,40.652306,-73.506472,72.0,92909.49520265724,12138.22876460496,10341.53505523738,22297.25269337304,0.0,0.0,754.5177001174169,2052.083460095271,140493.1128760853,['*A1e'],272549.648448
55002220001.0,HUDSON WWTP,WI,Hudson,44.966498,-92.756109,2.2,2815.221767209648,359.913047411806,314.8494353285004,349.0692999988334,0.0,0.0,275.3599975870393,0.0,4114.413547535827,['*C1e'],8327.905924800001
42001006001.0,Capital Region Water,PA,Harrisburg,40.2391,-76.8561,15.2,19741.45765251008,13658.4595688684,2159.774440413386,11047.63220978731,0.0,0.0,54.6111884148728,1198.177266975183,47860.11232696923,['F1e'],57538.2591168
18000328001.0,TERRE HAUTE WWTP,IN,Terre Haute,39.4289,-87.4319,24.0,31186.70629740165,23885.83129771698,3478.660070998905,18286.51411277841,0.0,0.0,0.0,3267.946884064367,80105.65866296033,['*E1e'],90849.88281600001
6002033001.0,NAPA SANIT. DIST WWRF,CA,Napa,38.2356096,-122.2843624,15.4,19872.30869612391,2596.232263540505,2211.939442370217,2413.371872975506,0.0,0.0,0.0,588.6476825095511,27682.49995751969,['*A1e'],58295.341473600005
48004122001.0,Village Creek Water Reuse Facility,TX,Arlington,32.779848,-97.143936,166.0,215708.0518903614,165210.3331425425,24060.73215774243,88434.58911374028,0.0,0.0,104.7781996086106,13686.36330141254,507204.8478054078,['*E1e'],628378.3561440001
34001030001.0,Joint Meeting of Essex & Union - CSO/STP,NJ,Elizabeth,40.64039588,-74.20184723,85.0,109684.8207253593,14329.85340265863,12208.75666243301,18139.64926034314,0.0,0.0,0.0,2996.482674367247,157359.5627251613,['*A1e'],321760.00164000003
12000065002.0,Clearwater East WRF,FL,Clearwater,27.960556,-82.706389,5.0,6452.048277962309,842.9325530975667,718.1621566137068,1886.52526777375,0.0,0.0,625.8181763341801,0.0,10525.48643178151,['*A1e'],18927.05892
12000017028.0,MDWASD South District WWTP,FL,Miami,25.5508,-80.3333,112.5,146238.0642573931,18534.60992340201,16284.81700423323,34100.47093902524,0.0,0.0,2.066568767123288,6118.864692799282,221278.89338562,['*B1e'],425858.8257
47000940001.0,Memphis S. T. E. MAXSON WWTP,TN,Memphis,35.0706,-90.1566,90.0,116136.8690033216,15172.7859557562,12926.91881904672,26626.40853731026,0.0,0.0,4744.547983170254,528.3562806108139,176135.8865792158,['*A1e'],340687.06056
36007227001.0,Ithaca (C) Ithaca Area STP,NY,Ithaca,42.4646,-76.5129,13.1,17028.6101490831,2158.252355525034,1896.276468937381,2069.294882197191,0.0,0.0,1639.643621995552,0.0,24792.07747773826,['*B1e'],49588.894370400005
26000569001.0,Clinton River Water Resource Recovery Facility,MI,Pontiac,42.6378,-83.2497,25.5,32905.44621760777,4298.95602079759,3662.626998729905,13976.06684614851,0.0,0.0,0.0,0.0,54843.09608328377,['*A1e'],96528.00049199999
17000073001.0,Kankakee River Metropolitan Agency,IL,Kankakee,41.135644,-87.885397,25.0,32125.69891768787,4152.291879401905,3584.322637718928,1631.351350395208,0.0,0.0,0.0,1846.737827480945,43340.40261268485,"['*A1e', '*C1e']",94635.29460000001
17000136001.0,NORTHWEST REGIONAL WRF @ FOX LAKE,IL,Fox Lake,42.3905,-88.1767,9.0,11605.91559096436,5214.779147118811,1296.258971938773,741.8227835604463,0.0,0.0,0.0,722.6365411881959,19581.41303477059,"['*C1e', '*E1e']",34068.706056
18000225001.0,FORT WAYNE WPCP,IN,Fort Wayne,41.0797,-85.1,58.1,75497.8181616265,57823.61659988987,8421.25625520985,44268.60291468439,0.0,0.0,7272.007209003173,0.0,193283.3011404138,['*E1e'],219932.42465040003
6001010005.0,ELK RIVER WWTF,CA,Eureka,40.76629,-124.19529,8.6,8102.587618454727,6103.953579223199,1239.432398817768,1693.39414862286,0.0,0.0,0.0,281.5271525045679,17420.89489762312,"['*C1e', 'L-u']",32554.541342399996
48004026002.0,Southside WWTP - Dallas,TX,Dallas,32.643888,-96.645833,110.0,142939.0705297576,109476.7267812029,15943.85865874498,58601.23375006887,0.0,0.0,11308.92854794521,0.0,338269.8182677195,['*E1e'],416395.29624
55004840001.0,TOMAHAWK WWTP,WI,Irma,45.44808,-89.72077,0.6,774.245793355477,101.151906371708,86.17945879364481,114.8040030356316,0.0,0.0,0.0,81.69867210160916,1158.079833658071,['*A1e'],2271.2470704
20000498007.0,JO CO ICMB WWTP,KS,Overland Park,38.8923,-94.6713,14.5,9420.98419400675,18209.80980938682,2080.182197000918,8340.747729825262,0.0,0.0,0.0,918.9076367604981,38970.63156698026,"['*E1e', 'L-a']",54888.470868
29001003023.0,Columbia Regional WWTP,MO,Columbia,38.889926,-92.448874,20.6,26582.43890520472,3472.882118761975,2958.828085248472,13461.92378072224,0.0,0.0,34.30662309197651,864.0166525847474,47374.39616561413,['*A1e'],77979.48275040001
6002006001.0,Dublin-San Ramon WWTF,CA,Pleasanton,37.6894,-121.9147,20.2,26248.81113364639,20103.9080089118,2927.872226424079,4748.702802597571,0.0,0.0,943.7945753424659,0.0,54973.0887469223,['*E1e'],76465.3180368
6002036001.0,East Bay MUD Main WWTP,CA,Oakland,37.8232,-122.2976,120.0,155987.2685412193,19770.25058496214,17370.47147118211,22160.20827448149,0.0,0.0,464.9397516242661,7196.954534796396,222950.0931582657,['*B1e'],454249.41408
41000001002.0,TRI CITY WPCP,OR,Oregon City,45.3753,-122.5903,13.0,16892.7992444259,12938.1586195967,1884.274205124407,1921.165501739406,0.0,0.0,64.97566340508808,692.0965445070279,34393.46977879852,['*E1e'],49210.353192
6008020001.0,Corona WWTF #1,CA,Corona,33.8923,-117.6067,11.5,10948.70460424512,12944.22876038281,1667.907575401373,3714.361977499265,0.0,0.0,312.89933518591,851.0013089287241,30439.10356164321,"['*E1e', 'L-u']",43532.235516
6009011001.0,Encina Water Pollution Control Facility,CA,Carlsbad,33.1188,-117.3235,40.51,51838.4699043922,6627.307977569209,5797.523011435248,9487.6831951384,0.0,0.0,242.3025520156556,3337.394348587415,77330.68098913813,['*C1e'],153347.03136984
37006001002.0,MCALPINE CREEK WWTP,NC,Pineville,35.068738,-80.872449,64.0,83164.55012640441,63695.5501272453,9276.42685599708,40256.28069823682,0.0,0.0,741.6187788649705,4624.515412939181,201758.9419996878,['*E1e'],242266.35417600002
26000032001.0,DELTA TWP WWTP,MI,Lansing,42.7556,-84.6554,6.0,7742.457933554771,1011.51906371708,861.7945879364481,3288.486316740825,0.0,0.0,750.981811601016,0.0,13655.23971355014,['*A1e'],22712.470704000003
26000718001.0,DEXTER STP,MI,Dexter,42.341,-83.8878,0.58,742.194829537089,94.88616704493067,83.00576022296825,286.2685715619284,0.0,0.0,72.59490845476489,0.0,1278.950236821681,['*C1e'],2195.53883472
6004009006.0,LACSD (Long Beach WRP),CA,Long Beach,33.8042,-118.0882,25.0,32469.50271794422,22464.57165932302,3552.260592785175,13631.5588441224,0.0,0.0,444.2997024700715,1208.374661882949,73770.56817852784,['F1e'],94635.29460000001
55000220001.0,ASHLAND STP,WI,Ashland,46.5951,-90.8497,1.92,2482.067053576283,321.3337159488889,274.8893075203009,481.6800808326931,0.0,0.0,0.0,129.9244436456547,3689.89460152382,['A1e'],7267.99062528
55000440001.0,BELOIT WWTP,WI,Beloit,42.496593,-89.041486,13.2,17152.68846357091,13137.20721374434,1913.263039049398,7309.569219435225,0.0,0.0,0.0,1797.370786235402,41310.09872203527,['*E1e'],49967.43554879999
17000407001.0,Decatur Sanitary District,IL,Decatur,39.84,-89.0009,41.0,53277.28992472783,40804.96180026652,5942.71095462313,15740.94660115743,0.0,0.0,0.0,1938.071056992231,117703.9803377671,['*E1e'],155201.88314400002
53000776007.0,Brightwater Treatment Plant,WA,Woodinville,47.792,-122.1425,40.9,53120.10644655673,36752.03923465246,5811.498329796545,5938.703480359159,0.0,0.0,0.0,1291.476956836151,102913.824448201,['F1e'],154823.3419656
6002038001.0,Fairfield-Suisun Sewer District,CA,Fairfield,38.2203,-122.0803,23.7,30582.70883754135,3995.500301682465,3404.08862234897,3714.085285033732,0.0,0.0,394.8622465753425,1073.91819315468,43165.16348633654,['*A1e'],89714.2592808
6009074001.0,Santa Margarita Water District (Oso Creek WRP),CA,Mission Viejo,33.5967,-117.6558,3.0,3855.083870122544,498.2750255282286,430.1187165262713,591.6577262899527,0.0,0.0,107.2831159430023,291.7809717914613,5774.199426201461,"['*A1e', '*C1e']",11356.235352000002
36002001013.0,New York (C) - Oakwood Beach WPCP,NY,Staten Island,40.5484,-74.1123,40.0,51977.84382900276,39809.71882952831,5797.766784998175,8043.445216856599,0.0,0.0,431.7652602739726,1174.284379430818,107234.8243000906,['*E1e'],151416.47136
41000063001.0,PENDLETON STP,OR,Pendleton,45.6684,-118.8398,5.5,7146.953526487879,5473.836339060143,797.1929329372491,812.800789197441,0.0,0.0,0.0,748.9044942647506,14979.68808194746,['*E1e'],20819.764812
41000015001.0,GRESHAM STP,OR,Portland,45.5596,-122.4599,17.0,21936.96414507185,2865.970680531726,2441.751332486603,1674.751031159955,0.0,0.0,0.0,824.0063893270955,29743.44357857723,['*A1e'],64352.00032800001
49000094001.0,CENTRAL VALLEY WRF,UT,Salt Lake City,40.7081,-111.9159,75.0,95973.46933669255,12269.76297994793,10733.50347710796,37950.4022114488,0.0,0.0,0.0,2856.421661418896,159783.5596666161,['*C1e'],283905.8838
6004009003.0,LACSD (San Jose Creek WRP),CA,Whittier,34.0322,-118.0212,100.0,129878.0108717769,89858.28663729208,14209.0423711407,54526.23537648959,0.0,0.0,1777.198809880286,4833.498647531795,295082.2727141114,['F1e'],378541.17840000003
6004010003.0,L.A.-Glendale WRP,CA,Los Angeles,34.1412,-118.2731,20.0,25988.92191450138,19904.85941476416,2898.883392499088,6226.634321906397,0.0,0.0,715.2207729533487,1945.206478609742,57679.72629523411,['*E1e'],75708.23568
55002430001.0,KIEL STP,WI,Kiel,43.9207,-88.0221,1.29,1676.285463485339,1283.863432252288,186.9779788161912,370.2674934011939,0.0,0.0,0.0,175.6521450184597,3693.046512973472,['*E1e'],4883.18120136
6008033001.0,Michelson WRP,CA,Irvine,33.6707,-117.8348,28.0,36131.47035658893,4720.422297346373,4021.708077036757,5811.139515577935,0.0,0.0,0.0,1763.137812622235,52447.87805917222,['*A1e'],105991.52995200001
55002781001.0,MADISON MSD STP,WI,Madison,43.0343,-89.3463,53.6,69119.89519264885,48662.40195564395,7681.872469380273,43206.9353005392,28939.93127347567,6527.659377272072,0.0,7298.414707743754,211437.1102767038,['*G1e'],202898.0716224
55004720002.0,SUN PRAIRIE STP,WI,Sun Prairie,43.153,-89.2369,3.065,3952.471618758745,2782.654141680013,439.2712522136294,2470.695087614788,1654.867338679159,373.2700744652779,0.0,417.3440499857202,12090.57356339733,['*G1e'],11602.28711796
39000084001.0,Akron WWTP & Sewers,OH,Akron,41.155,-81.5662,90.0,116950.1486152562,89571.8673664387,13044.9752662459,24264.78260911583,0.0,0.0,0.0,0.0,243831.7738570566,['*E1e'],340687.06056
26000411001.0,FLINT WPCF,MI,Flint,43.044,-83.7701,50.0,64477.30883869091,28970.99526177117,7201.438732993181,32893.56674002472,0.0,0.0,0.0,0.0,133543.30957348,"['*C1e', '*E1e']",189270.58920000002
26002003001.0,BENTON HARBOR-ST JOSEPH,MI,Saint Joseph,42.1046,-86.4714,15.3,19743.26773056466,2579.373612478554,2197.576199237943,1509.031294432067,0.0,0.0,1915.003619582591,0.0,27944.25245629582,['*A1e'],57916.80029520001
17000162001.0,ELMHURST WWTP & COLLECTION SYSTEM,IL,Elmhurst,41.8825,-87.9589,8.0,10395.56876580055,7961.943765905662,1159.553356999635,824.0841574256632,0.0,0.0,0.0,316.7105191036683,20657.86056523518,['*E1e'],30283.294272000003
17000347001.0,Four Rivers Sanitation Authority ,IL,Rockford,42.222,-89.0933,40.0,51977.84382900276,39809.71882952831,5797.766784998175,4120.420787128316,0.0,0.0,0.0,1591.807714339554,103297.5579449971,['*E1e'],151416.47136
53002625501.0,Kitsap Co SD #7 WWTP,WA,Bainbridge Island,47.5889,-122.524,0.09,116.9501486152562,89.5718673664387,13.0449752662459,7.461543830806383,0.0,0.0,3.218493478290068,8.753429153743838,239.0004577107811,['*E1e'],340.68706056
6009006001.0,South Orange County Wastewater Authority (Coastal Treatment Plant),CA,Laguna Niguel,33.553797,-117.719504,6.7,8645.744692469494,1129.529621150739,962.337289862367,1390.522669799006,0.0,0.0,239.5989589393718,651.6441703342638,13019.37740255524,['*A1e'],25362.2589528
6009019001.0,South Orange County Wastewater Authority  (Latham WWTP),CA,Dana Point,33.466569,-117.684742,13.0,16775.32552270201,2191.624638053673,1867.221607195638,2698.029060804041,0.0,0.0,286.4069252446184,778.9491407024148,24597.55689470239,['*A1e'],49210.353192
36008066001.0,Medina (V) WWTP & PS,NY,Medina,43.231666,-78.390278,4.5,5758.408160201553,736.1857787968759,644.010208626478,543.2195915801849,0.0,0.0,563.2363587007619,0.0,8245.060097905853,['*C1e'],17034.353028
35000028001.0,"Las Cruces, City of WWTP",NM,Las Cruces,32.2966,-106.8113,13.5,17347.87741555145,2242.237614877029,1935.534224368221,7141.876581428944,0.0,0.0,0.0,434.5855865756787,29102.11142280132,"['*A1e', '*C1e']",51103.059084
6003012001.0,Monterey One Water (Regional WWTP and Advanced Water Purification Facility),CA,Marina,36.7192,-121.7877,29.6,37877.52923154799,4842.466456086117,4236.156038965277,4177.304422184025,0.0,0.0,3704.843603898346,0.0,54838.29975268176,['*C1e'],112048.18880640001
6004010004.0,Tillman WRP,CA,Van Nuys,34.1801,-118.4827,80.0,103955.6876580055,79619.43765905662,11595.53356999635,24906.53728762559,0.0,0.0,2860.883091813395,7780.825914438969,230718.9051809364,['*E1e'],302832.94272
50000070001.0,Airport Parkway WWTF,VT,South Burlington,44.4793,-73.1701,3.3,4255.910550790242,3005.990189016268,477.3294138743498,6.13332875571832,769.7785590856464,173.7387499765934,0.0,234.1847235366723,8923.065515035492,['*G1e-p'],12491.858887199998
53001080001.0,RICHLAND STP,WA,Richland,46.2564,-119.2734,11.4,14710.67007375407,1921.886221062452,1637.409717079252,649.5926657251908,0.0,0.0,0.0,374.3658748099959,19293.92455243096,['*A1e'],43153.694337600005
55001470001.0,EAU CLAIRE WWTP,WI,Eau Claire,44.784516,-91.539803,12.0,15355.75509387081,1963.162076791669,1717.360556337274,1904.01436363,0.0,0.0,0.0,1633.973442032183,22574.26553266194,['*C1e'],45424.941408000006
55005110001.0,WAUSAU WWTP,WI,Wausau,44.9471,-89.62699,8.2,10581.35917585819,1382.409387080009,1177.785936846479,1568.988041486965,0.0,0.0,0.0,1116.548518721992,15827.09105999363,['*A1e'],31040.3766288
33000054001.0,Nashua WWTF,NH,Nashua,42.7483,-71.4473,16.0,20646.55448947939,2697.384169912213,2298.118901163862,123.11907549827,0.0,0.0,0.0,1027.749747467656,26792.92638352139,['*A1e'],60566.588544000006
6002011001.0,Burlingame WWTP,CA,Burlingame,37.588153,-122.360144,5.5,7097.253105758539,927.2258084073233,789.9783722750774,861.9185260626805,0.0,0.0,0.0,258.8745042620435,9935.250316765663,['*A1e'],20819.764812
6003040001.0,SANTA MARIA WWTF,CA,Santa Maria,34.9479158,-120.4944744,13.5,12719.17823827196,9581.78759529223,1945.620626051147,2658.235000745188,0.0,0.0,433.9992105675146,1180.360118207177,28519.18078913521,"['*C1e', 'L-u']",51103.059084
6004007001.0,Hill Canyon WWTP,CA,Camarillo,34.2157,-118.9288,14.0,18065.73517829446,2360.211148673186,2010.854038518379,2905.569757788967,0.0,0.0,262.9339726027397,715.1090772174855,26320.41317309522,['*A1e'],52995.764976000006
55005400001.0,WISCONSIN RAPIDS STP,WI,Wisconsin Rapids,44.37213,-89.83233,3.2,4129.310897895878,539.4768339824426,459.6237802327723,1867.073479453728,0.0,0.0,0.0,435.7262512085823,7431.211242773403,['*A1e'],12113.317708800001
9000930003.0,NEW HAVEN EAST SHORE WPCF,CT,New Haven,41.2826,-72.9025,40.0,28800.90549548981,6678.356072257713,5730.867796912218,13143.75876612776,7570.061098880475,1702.574403138741,0.0,0.0,63626.52363280673,"['*A1e', '*A5']",151416.47136
39004480001.0,Lima WWTP & Sewer System,OH,Lima,40.723,-84.1275,18.5,24039.75277091378,18411.99495865684,2681.467138061656,17106.56465699492,0.0,0.0,0.0,2519.042389799617,64758.82191442682,['*E1e'],70030.118004
25000028001.0,Fairhaven Sewerage Collection System and WPCF,MA,Fairhaven,41.639497,-70.875683,5.0,6452.048277962309,842.9325530975667,718.1621566137068,1160.5723351943,0.0,0.0,69.2445513111546,188.3263950272154,9431.286269206252,['*A1e'],18927.05892
34001005001.0,Bergen County UA-Little Ferry WPCF - CS/CSO/STP,NJ,Little Ferry,40.83266671,-74.03232825,109.04,140706.268845802,18382.67311795173,15661.68031143172,23269.96888644489,0.0,0.0,0.0,0.0,198020.5911616304,['*A1e'],412761.30092736
41000022005.0,DURHAM STP,OR,Portland,45.4028,-122.7646,22.6,29367.48176338656,22492.4911386835,3275.738233523969,3339.872333793121,0.0,0.0,0.0,2005.818232728624,60481.40170211578,['*E1e'],85550.3063184
36001006001.0,North Hempstead (T) Great Neck WPCP,NY,Great Neck,40.7952,-73.7128,5.3,6782.125166459607,867.0632505829872,758.5009123822962,1478.072093792261,0.0,0.0,46.3409594520548,126.0348384162607,10058.13722108547,['*C1e'],20062.6824552
4000501002.0,Flagstaff Wildcat Hill WWTF,AZ,Flagstaff,35.2256,-111.5577,6.0,7677.877546935403,981.5810383958345,858.6802781686372,1027.856104111083,0.0,0.0,214.5662318860045,583.5619435829226,11344.12314307989,['*C1e'],22712.470704000003
34006012001.0,Camden County MUA - CS-CSO/WWTP,NJ,Camden,39.922835,-75.127815,80.0,103991.5123608128,13180.16705664143,11580.31431412141,20118.19496232811,0.0,0.0,255.8499119373777,2155.588240396531,151281.6268462377,['*B1e'],302832.94272
19000537001.0,MARSHALLTOWN WWTP,IA,Marshalltown,42.0651,-92.8978,13.04,16944.7770882549,12977.96833842623,1890.071971909405,7837.21802452916,0.0,0.0,0.0,192.1008805325287,39842.13630365222,['*E1e'],49361.76966336
16000063001.0,SANDPOINT S/T PLANT,ID,Sandpoint,48.2646,-116.5626,5.0,6452.048277962309,842.9325530975667,718.1621566137068,680.6787960081643,0.0,0.0,0.0,680.8222675134099,9374.644051195155,['*A1e'],18927.05892
27000055001.0,WINONA WWTP,MN,Winona,44.0322,-91.6036,9.6,12284.60407509665,1570.529661433335,1373.888445069819,3852.094034663454,0.0,0.0,343.3059710176073,933.6991097326762,20358.12129701353,['*C1e'],36339.9531264
6002081001.0,Union Sanitary District (Alvarado WWTF),CA,Union City,37.591383,-122.088833,33.0,42228.32650814472,5398.69571117709,4722.741529927504,4657.129930137595,0.0,0.0,4130.399963805588,0.0,61137.2936431925,['*C1e'],124918.58887200001
6002125001.0,S BAYSIDE WWTP,CA,Redwood City,37.5446859,-122.2286944,29.0,37421.88001218139,4889.008807965886,4165.3405083595,4544.661319239588,0.0,0.0,21.8558098630137,1155.209785729038,52197.95624333842,['*A1e'],109776.941736
6004010001.0,Hyperion WRP,CA,Playa Del Rey,33.9308,-118.4349,215.0,277438.0759523793,36246.09978319536,30880.97273438939,44621.24985175914,0.0,0.0,2020.4241844227,25610.57237882836,416817.3948849742,['*A1e'],813863.5335600001
39006657001.0,Piqua WWTP & Sewer System,OH,Piqua,40.137,-84.2384,4.5,5847.50743076281,4478.593368321935,652.2487633122948,2218.118575174263,0.0,0.0,0.0,612.7400407620687,13809.20817833337,['*E1e'],17034.353028
26002047001.0,STEPHENSON WTP,MI,Stephenson,45.4141,-87.6152,0.15,191.9469386733851,24.53952595989586,21.46700695421593,23.47523085768405,0.0,0.0,5.364155797150114,14.58904858957307,281.3819068319041,['*C1e'],567.8117676
17000716001.0,DOWNERS GROVE SD & COLL SYST,IL,Downers Grove,41.7947,-88.0523,11.0,14293.90705297576,10947.67267812029,1594.385865874498,1133.115716460287,0.0,0.0,0.0,537.4609275087207,28506.54224093955,['*E1e'],41639.529624
18000851001.0,Evansville EASTSIDE WWTP,IN,Evansville,37.961,-87.5701,18.0,23390.02972305124,17914.37347328774,2608.995053249179,20136.66470420092,0.0,0.0,416.6574300587085,1133.195179670698,65599.91556351849,['*E1e'],68137.412112
6003037001.0,El Estero Wastewater Treatment Facility,CA,Santa Barbara,34.418907,-119.684742,11.0,14194.50621151708,1854.451616814647,1579.956744550155,1723.837052125361,0.0,0.0,223.5004665362036,607.8606381681262,20184.11272971157,['*A1e'],41639.529624
19000023001.0,AMES WWTP,IA,Ames,41.9616,-93.5682,12.1,12804.75384215333,6405.379415204185,1741.885847086606,5676.77810469793,0.0,0.0,0.0,353.6402573439733,26982.43746648603,"['*A1e', '*C1e', 'L-u']",45803.482586399994
44000031001.0,BUCKLIN PT STP,RI,East Providence,41.8512,-71.3681,23.7,30781.08857661112,21296.41393303823,3367.543041960346,17870.75020414688,0.0,0.0,248.4403139726027,675.690257557532,74239.92632728671,['F1e'],89714.2592808
42001010001.0,LEHIGH CO A - ALLENTOWN,PA,Allentown,40.6052,-75.4575,40.0,51185.85031290269,6543.873589305564,5724.535187790914,9965.159550909495,0.0,0.0,0.0,1204.494601499936,74623.9132424086,['*C1e'],151416.47136
31001425001.0,THERESA STREET STP,NE,Lincoln,40.838,-96.6865,29.1,37794.50116368707,26148.761411452,4134.831330001944,26826.09198928961,0.0,0.0,0.0,2448.433114206394,97352.619008637,['F1e'],110155.48291440001
6004009005.0,LACSD (Los Coyotes WRP),CA,Cerritos,33.8799,-118.1035,37.5,48704.25407691632,33696.85748898453,5328.390889177762,20447.3382661836,0.0,0.0,666.4495537051074,1812.561992824423,110655.8522677917,['F1e'],141952.9419
39008008001.0,Struthers WWTP & Sewer System,OH,Struthers,41.047,-80.5711,6.0,7710.167740245088,996.5500510564572,860.2374330525427,1024.73381036122,0.0,0.0,750.981811601016,0.0,11342.67084631632,"['*A1e', '*C1e']",22712.470704000003
16000001001.0,POCATELLO STP,ID,Pocatello,42.9152,-112.5178,8.0,5158.201133779765,9697.34227002249,1141.184115759124,135.6045667805915,2159.696363692214,487.1387594979157,0.0,809.4532923170553,19588.62050184916,"['*G1e', 'L-a']",30283.294272000003
12000017027.0,MDWASD North District WWTP,FL,Miami,25.9189,-80.1476,120.0,155987.2685412193,19770.25058496214,17370.47147118211,36373.83566829358,0.0,0.0,4291.324637720092,11671.23887165845,245464.3897750356,['*B1e'],454249.41408
25000128001.0,MWRA Deer Island WWTF,MA,Boston,42.3505,-70.9569,315.0,409115.7342460972,283053.6029074701,44758.4834690932,192094.5336550109,0.0,0.0,0.0,13681.41668223179,942703.7709599033,['F1e'],1192404.71196
53000920001.0,Budd Inlet Treatment Plant,WA,Olympia,47.0477,-122.8983,17.0,22079.26184820207,15275.90872833965,2415.537203093919,2468.409759562487,0.0,0.0,0.0,870.14974346755,43109.26728266567,['F1e'],64352.00032800001
48000001003.0,Waco Regional WWTP,TX,Waco,31.5185,-97.0667,45.0,58445.10489229958,40436.22898678144,6394.069067013315,41986.40943311082,0.0,0.0,97.92478277886498,1984.096122413146,149343.8332843972,['F1e'],170343.53028
50000025001.0,Essex Junction City WWTF,VT,Essex Junction,44.481052,-73.121669,3.3,2379.391506966113,556.9596987251435,474.4280229799891,5.410820011966148,58.04397155296889,13.08664766366389,35.19229542074364,179.0726326525554,3701.585595973143,"['*A1e', '*A3']",12491.858887199998
6002042001.0,"San Leandro, City of (WPCP)",CA,San Leandro,37.714814,-122.193031,0.95,813.8510392480924,585.4021233797023,135.7623858502128,182.8297837192228,0.0,0.0,0.0,0.0,1717.84533219723,"['*A1e', '*C1e', 'L-a']",3596.1411948
31001825001.0,MISSOURI RIVER STP,NE,Omaha,41.2083,-95.9292,50.7,64878.06527160417,8294.359774444803,7255.848350524984,16020.31404990457,0.0,0.0,0.0,3722.230567330003,100170.8180138085,['*C1e'],191920.37744880002
29001011001.0,K.C. Blue River STP,MO,Kansas City,39.14247,-94.484611,105.0,55455.61081007485,17383.14184964172,15002.5308919688,90556.33057090211,6301.376307493498,1419.492810261919,1060.895745596869,7767.912676974778,194947.2916629145,"['*C1e', '*C3', '*C6']",397468.23732
6002071001.0,Novato WWTF,CA,Novato,38.100396,-122.553231,7.0,7407.708834303579,3705.591397225561,1007.702556165806,1284.5584546366,0.0,0.0,295.9621698630137,0.0,13701.52341219456,"['*A1e', '*C1e', 'L-u']",26497.882488000003
6005011001.0,Chico WPCP,CA,Chico,39.6996,-121.9108,12.0,7580.34439894444,11763.87477233247,1722.946628385146,2755.678022606749,0.0,0.0,0.0,577.055387994657,24399.89921026347,"['*A1e', 'L-a', 'L-u']",45424.941408000006
6005025001.0,Stockton Regional WWCF,CA,Stockton,37.937778,-121.335556,55.0,70380.54418024121,8997.826185295151,7871.235883212508,7761.883216895991,0.0,0.0,0.0,3053.084185117675,98064.57365076254,['*C1e'],208197.64812
55001730001.0,FOND DU LAC REGIONAL WWTP,WI,Fond Du Lac,43.7971,-88.4499,9.84,12786.54958193468,9793.190832063965,1426.250629109551,8612.448240527823,0.0,0.0,1231.610171025666,0.0,33850.04945466168,['*E1e'],37248.451954560005
4001315005.0,Mesa Northwest WRP,AZ,Mesa,33.433868,-111.879219,18.0,23227.37380066431,3034.55719115124,2585.383763809345,3424.149243825803,0.0,0.0,0.0,2450.960163048275,34722.42416249897,['*A1e'],68137.412112
39001370004.0,Tri-Cities North Regional WWTP,OH,Dayton,39.8236,-84.1523,11.2,14332.03808761275,1832.284605005558,1602.869852581456,3314.141611505186,0.0,0.0,0.0,1525.041879230038,22606.37603593499,['*C1e'],42396.6119808
26000925001.0,SAGINAW TWP STP,MI,Saginaw,43.4037,-84.0306,4.77,6155.254057176042,804.1576556550784,685.1266974094763,2614.346621808956,0.0,0.0,170.5801543493736,463.9317451484235,10893.39693154735,['*A1e'],18056.41420968
37003201008.0,SOUTH DURHAM WATER REC. FAC.,NC,Chapel Hill,35.9035,-78.9822,20.0,25975.60217435538,17971.65732745842,2841.80847422814,7969.526837651671,0.0,0.0,8.039585127201565,1270.922678788128,56037.55707760894,['F1e'],75708.23568
26002107001.0,BUCHANAN STP,MI,Buchanan,41.832,-86.3557,1.5,1935.614483388693,252.87976592927,215.448646984112,147.9442445521634,0.0,0.0,187.745452900254,0.0,2739.632593754493,['*A1e'],5678.117676000001
6002058001.0,Sewer Authority Mid-Coastside WWTF,CA,Half Moon Bay,37.4753,-122.4388,4.0,5161.638622369847,674.3460424780533,574.5297252909654,626.8498371364949,0.0,0.0,40.26477280939335,109.5092590853623,7187.138259170116,['*A1e'],15141.647136000001
6004032001.0,Burbank WRP,CA,Burbank,34.1822,-118.3181,11.0,14194.50621151708,1854.451616814647,1579.956744550155,2282.947666834189,0.0,0.0,393.3714251243417,1069.863563235358,21375.09722807577,['*A1e'],41639.529624
6008006002.0,Moreno Valley Regional WRF,CA,Moreno Valley,33.871663,-117.214165,22.5,29014.88137751118,20427.31425376845,3224.666614945077,10197.10061805031,12148.2920457687,2740.155522175776,0.0,1008.399146753617,78760.80957897312,['*G1e'],85171.76514
31001825002.0,PAPILLION WWTP,NE,Bellevue,41.0817,-95.8898,50.0,64251.39783537573,8304.58375880381,7168.645275437855,16671.63510953133,0.0,0.0,0.0,4136.190902625935,100532.4528817747,"['*A1e', '*C1e']",189270.58920000002
37003401002.0,LOWER MUDDY CREEK WWTP,NC,Winston Salem,35.9998,-80.3406,21.0,27098.60276744169,3540.31672300978,3016.281057777569,8805.476731402212,0.0,0.0,0.0,819.9917418760498,43280.6690215073,['*A1e'],79493.64746400001
9000150001.0,BRIDGEPORT WESTSIDE,CT,Bridgeport,41.1607,-73.2121,30.0,38712.28966777385,5057.5953185854,4308.97293968224,6550.102439772578,0.0,0.0,0.0,0.0,54628.96036581408,['*A1e'],113562.35352
39004243001.0,Lakewood WWTP & Sewer System,OH,Lakewood,41.4791,-81.8249,31.0,40002.69932336631,5226.181829204913,4452.605371004983,5571.543100906808,0.0,0.0,3880.072693271916,0.0,59133.10231775493,['*A1e'],117347.765304
8000070001.0,Metro Wastewater Reclamation District ,CO,Denver,39.8135,-104.9593,123.3,160221.703602901,122713.458292021,17871.61611475687,79757.21182420714,0.0,0.0,0.0,12220.97325079977,392784.9630846858,['*E1e'],466741.2729672
6002108001.0,Las Gallinas Valley Sanitary District Sewage Treatment Plant,CA,San Rafael,38.025,-122.5169,2.92,3736.567072841897,477.7027720193062,417.8910687087367,412.0854362424781,0.0,0.0,86.26079452054795,0.0,5130.507144332965,['*C1e'],11053.402409280001
6003017001.0,Carmel Area Wastewater Treatment Plant,CA,Carmel,36.5397,-121.9189,3.0,2842.629149604165,2136.770638617474,433.1387165644299,614.0998538835084,0.0,0.0,0.0,125.8140328064532,6152.45239147603,"['*A1e', 'L-u']",11356.235352000002
6004009002.0,LACSD (Pomona WRP),CA,Pomona,34.0557,-117.7903,15.0,19481.70163076653,13478.74299559381,2131.356355671105,8178.935306473438,0.0,0.0,266.5798214820429,725.0247971297694,44262.3409071167,['F1e'],56781.17676
17000721005.0,"MWRDGC, JOHN E EGAN WRP",IL,Schaumburg,42.0194,-88.0387,30.0,38983.38287175207,29857.28912214623,4348.325088748632,3090.315590346237,0.0,0.0,705.242951076321,1918.069509870057,78902.62513393954,['*E1e'],113562.35352
50000013001.0,Brattleboro WWTF,VT,Brattleboro,42.841,-72.5492,3.0,3838.938773467702,490.7905191979173,429.3401390843186,2.650823093499058,0.0,0.0,38.92081776908024,105.8540659614515,4906.495138573968,['*C1e'],11356.235352000002
26003075001.0,PETOSKEY WWTP,MI,Petoskey,45.3742,-84.9713,2.51,3244.785575248161,420.0768890790163,359.3605009770599,1958.79002153091,0.0,0.0,156.1269154479831,0.0,6139.139902283131,['A1e'],9501.38357784
51000213001.0,Western Virginia Water Auth. WWTP,VA,Wirtz,37.07135,-79.89092,42.0,54197.20553488339,7080.633446019559,6032.562115555137,15397.27014984785,0.0,0.0,0.0,1240.024231441689,83947.69547774762,['*A1e'],158987.29492800002
45000614050.0,WCRSA/GILDER CREEK,SC,Simpsonville,34.7897,-82.1586,4.0,5170.973028283923,669.4452415601854,572.6860573339602,429.1117736099552,0.0,0.0,0.0,531.0876746801857,7373.303775468209,['A1e'],15141.647136000001
17000343001.0,ROCK ISLAND MAIN STP,IL,Rock Island,41.4987,-90.5982,8.0,10341.94605656785,1338.890483120371,1145.37211466792,5659.603952987204,0.0,0.0,25.88482818003914,133.4296756408204,18645.1271111642,['A1e'],30283.294272000003
34003079003.0,Ocean County UA Southern WPCF - CS/STP,NJ,West Creek,39.67975569,-74.26244683,20.0,25808.19311184924,3371.730212390267,2872.648626454827,4268.152767139561,0.0,0.0,715.2207729533487,1945.206478609742,38981.15196939697,['*A1e'],75708.23568
41000055002.0,COOS BAY STP NO. 2 - EMPIRE,OR,Coos Bay,43.3857,-124.2828,2.2,2838.901242303416,370.8903233629293,315.991348910031,556.4212598209203,0.0,0.0,0.0,299.5617977059003,4381.765972103197,['*A1e'],8327.905924800001
6002024001.0,MOUNTAIN VIEW WWTF,CA,Martinez,38.019097,-122.097775,3.2,4094.868025032216,523.5098871444451,457.9628150232732,451.6004780739486,0.0,0.0,36.29543193737769,98.71372870923476,5662.950365920495,['*C1e'],12113.317708800001
39004650001.0,Lucas Co Water Resource Recovery Facility,OH,Waterville,41.536651,-83.702678,22.5,29237.53715381405,22392.96684160968,3261.243816561474,6066.195652278957,0.0,0.0,0.0,3063.700203810344,64021.6436680745,['*E1e'],85171.76514
18000604001.0,WEST LAFAYETTE WWTP,IN,West Lafayette,40.4174,-86.9042,9.0,11695.01486152562,8957.18673664387,1304.49752662459,6857.442792291903,0.0,0.0,2.019122035225049,497.1803924494536,29313.34143157066,['*E1e'],34068.706056
6005077001.0,TURLOCK WWTF,CA,Turlock,37.484,-120.8712,20.0,25700.55913415029,3321.833503521524,2867.458110175142,2978.376086822326,0.0,0.0,2503.27270533672,0.0,37371.49954000601,"['*A1e', '*C1e']",75708.23568
6003044001.0,Watsonville WWTF,CA,Watsonville,36.886966,-121.785116,12.0,15355.75509387081,1963.162076791669,1717.360556337274,1693.501792777307,0.0,0.0,0.0,492.150612714358,21221.93013249142,['*C1e'],45424.941408000006
6005010002.0,Bakersfield WWTP #3,CA,Bakersfield,35.2758,-119.0742,16.0,20474.34012516108,2617.549435722226,2289.814075116366,2990.364595334008,0.0,0.0,0.0,1046.819322860123,29418.8875541938,['*C1e'],60566.588544000006
6006009001.0,Victor Valley Regional WWRP,CA,Victorville,34.608486,-117.355571,18.0,23227.37380066431,3034.55719115124,2585.383763809345,3735.732545728672,0.0,0.0,0.0,913.3322951128587,33496.37959646642,['*A1e'],68137.412112
55003810002.0,PLYMOUTH WWTP,WI,Plymouth,43.7295,-87.9699,1.5,1949.169143587603,1492.864456107312,217.4162544374316,1464.729733086628,0.0,0.0,0.0,204.2466802540229,5328.426267472997,['*E1e'],5678.117676000001
34003057001.0,Long Branch City SA - CS/STP,NJ,Long Branch,40.31223,-73.9854,5.4,6968.212140199294,910.367157345372,775.6151291428033,1152.401247127682,0.0,0.0,169.8988391389432,462.0787526020353,10438.57326555613,['*A1e'],20441.223633600002
36003095001.0,Rockland County (Co) SD#1 & WWTP,NY,Orangeburg,41.0423,-73.9419,28.9,37534.74514194351,25969.04483817741,4106.413245259662,10177.99206830614,0.0,0.0,0.0,1486.423218749608,79274.61851243635,['F1e'],109398.4005576
36004050001.0,Schenectady (C) Sewers & STP,NY,Schenectady,42.8389,-73.9182,18.5,23872.57862846055,3118.850446460996,2657.199979470715,2479.897613465016,0.0,0.0,239.8695890410959,652.3802107948991,33020.77646769327,['*A1e'],70030.118004
17000002001.0,DANVILLE SANITARY DISTRICT,IL,Danville,40.1077,-87.6034,16.0,20646.55448947939,2697.384169912213,2298.118901163862,4094.933721942531,0.0,0.0,117.8155071624266,1262.357858592121,31117.16464825254,['*A1e'],60566.588544000006
41000022013.0,ROCK CREEK STP,OR,Hillsboro,45.4978,-122.9502,39.05,50356.93856852495,35452.73873820702,5596.588058382456,8400.657649399249,21084.03575054524,4755.692139598403,0.0,2681.282666367035,128327.9335710244,['*G1e'],147820.3301652
12000016001.0,BUCKMAN STREET WWTF,FL,Jacksonville,30.352222,-81.628889,52.5,67746.50691860425,8850.79180752445,7540.702644443921,19808.51531162437,0.0,0.0,0.0,0.0,103946.516682197,['*A1e'],198734.11866
6004009009.0,LACSD (Lancaster WRP),CA,Lancaster,34.827966,-118.160791,21.0,27288.36801022645,20900.10238550236,3043.827562124042,6537.966038001717,0.0,0.0,265.7016986301369,722.6365411881959,58758.6022356729,['*E1e'],79493.64746400001
55002400001.0,KENOSHA - WWTP,WI,Kenosha,42.558611,-87.815,28.6,37164.15833773698,28463.94896311274,4145.403251273696,27927.51357751837,0.0,0.0,3579.67996863151,0.0,101280.7040982733,['*E1e'],108262.7770224
27000002001.0,WLSSD REGIONAL WWTF,MN,Duluth,46.7591,-92.1264,48.4,62914.86497829177,7974.001069268066,7006.090160043452,25413.19014806336,0.0,0.0,0.0,3192.64838544396,106500.7947411106,['*B1e'],183213.93034559998
6008001001.0,"Riverside, City of (Regional Water Quality Control Plant)",CA,Riverside,33.9639,-117.4575,46.0,59374.45631466818,41701.48970781438,6569.373206686742,73936.86962333771,56953.78663556467,12847.49771243183,756.2310543248532,2315.166175167607,254454.870429996,['*D1e'],174128.942064
36005031001.0,Gloversville-Johnstown (C) WWTP,NY,Johnstown,42.9925,-74.2403,10.0,12994.46095725069,9952.429707382078,1449.441696249544,2010.86130421415,0.0,0.0,1251.63635266836,0.0,27658.83001776482,['*E1e'],37854.11784
17000643001.0,FRWRD Main STP aka Pagorski WWTP,IL,Elgin,42.0151,-88.2736,25.0,32486.15239312673,24881.0742684552,3623.60424062386,2575.262991955198,0.0,0.0,0.0,1068.046771257526,64634.14066541851,['*E1e'],94635.29460000001
29001023002.0,Lemay WWTP,MO,Saint Louis,38.5327,-90.2709,350.0,451643.3794573616,59005.27871682966,50271.35096295948,228722.0059831448,0.0,0.0,0.0,0.0,789642.0151202956,['*A1e'],1324894.1244
41000017001.0,COLUMBIA BLVD. STP,OR,Portland,45.5975,-122.719,100.0,129878.0108717769,89858.28663729208,14209.0423711407,25882.34224127046,0.0,0.0,0.0,4667.027661840431,264494.7097833205,['F1e'],378541.17840000003
55002490001.0,La Crosse WWTP,WI,La Crosse,43.8001,-91.2596,20.0,25791.00566889883,18157.6126700164,2866.370324395624,7695.006604708947,10798.48181846107,2435.693797489579,0.0,2723.28907005364,70467.45995402409,['*G1e'],75708.23568
36002001012.0,New York (C) - North River WPCP,NY,New York,40.8256,-73.9569,170.0,220905.8362732617,169191.3050254953,24640.50883624225,34184.64217164055,0.0,0.0,1253.252704500979,3408.507376070711,453584.0523872115,['*E1e'],643520.0032800001
36005053001.0,Washington (Co) SD#2 Fort EdwardSTP,NY,Fort Edward,43.26226,-73.5821,2.5,3226.024138981154,421.4662765487834,359.0810783068534,335.121299116894,0.0,0.0,13.79909119373777,90.07148316952869,4445.563367316951,['*A1e'],9463.52946
6008006006.0,Perris Valley Regional WRF,CA,Perris,33.6797,-117.3393,30.0,38983.38287175207,29857.28912214623,4348.325088748632,9339.951482859595,0.0,0.0,0.0,2017.420563862146,84546.36912936869,['*E1e'],113562.35352
6008020002.0,Corona WWTF #2,CA,Corona,33.882955,-117.556836,3.0,3878.229771212942,502.0839311701391,429.5145430004701,886.5309425602501,0.0,0.0,53.31596429640859,145.0049594259539,5894.680111666164,['A1e'],11356.235352000002
19000208001.0,DAVENPORT WWTP,IA,Davenport,41.4846,-90.6313,26.0,33550.65104540401,4383.249276107346,3734.443214391275,10416.87830510811,0.0,0.0,500.2994285714285,1360.678725372218,53946.1999949544,['*A1e'],98420.706384
36008081001.0,Hornell (C) WPCP,NY,Hornell,42.31227,-77.65184,4.0,5161.638622369847,674.3460424780533,574.5297252909654,536.1940785870304,0.0,0.0,0.0,146.0829841249193,7092.791452850815,['*A1e'],15141.647136000001
36009052001.0,Jamestown (C) WWTP,NY,Jamestown,42.094904,-79.24343,12.0,15355.75509387081,1963.162076791669,1717.360556337274,1448.58557754716,0.0,0.0,87.77645401174169,238.7281430711004,20811.36790162975,['*C1e'],45424.941408000006
6002041001.0,San Jose/Santa Clara WPCP,CA,San Jose,37.433806,-121.944809,110.0,142939.0705297576,109476.7267812029,15943.85865874498,25859.27268741252,0.0,0.0,13767.99987935196,0.0,307986.9285364699,['*E1e'],416395.29624
6003049001.0,Laguna CSD WWTF,CA,Santa Maria,34.8925,-120.5039,3.7,2323.997999091666,3621.040794042034,530.6017134109255,830.4430414443293,0.0,0.0,20.03306457925636,54.48450112133221,7380.601113689544,"['*C1e', 'L-a', 'L-u']",14006.023600800001
29001026001.0,Springfield SW WWTP,MO,Springfield,37.1507,-93.3634,64.0,82538.8712880532,58297.99154455793,9257.297723623753,48549.93463658231,14929.03872166102,3369.478787424841,94.76166731898239,2906.389684157802,219943.7640533798,['*G1e-p'],242266.35417600002
19000672001.0,PELLA WWTP,IA,Pella,41.3747,-92.9186,4.31,5561.665615603511,726.6078607701023,619.0557790010153,1726.79790365446,0.0,0.0,0.0,48.82313131402748,8682.950290343117,['*A1e'],16315.12478904
8000034003.0,BOULDER 75TH STREET WWTP,CO,Boulder,40.048596,-105.186653,25.0,31991.15644556419,4089.920993315977,3577.834492369322,9707.953545047765,0.0,0.0,199.6070831311154,542.8771170609793,50109.34967648934,['*C1e'],94635.29460000001
35000032001.0,"Roswell, City of WWTP",NM,Roswell,33.396756,-104.524388,8.05,5085.147700958562,7891.599326439702,1155.810029875036,2253.195995652582,0.0,0.0,657.4367982998334,0.0,17043.18985122572,"['*A1e', 'L-a', 'L-u']",30472.564861200004
6008010001.0,IEUA Regional Plant No.1,CA,Ontario,34.026824,-117.598922,44.0,57146.32478358182,39537.64612040852,6251.978643301907,23991.54356565541,0.0,0.0,1141.357495107632,3104.182761254849,131173.0333693101,['F1e'],166558.118496
6009041001.0,"Oceanside, City of (La Salina WWTF)",CA,Oceanside,33.1802,-117.371,5.5,5211.486774274303,3917.412837465368,794.0876470347882,1868.41758295658,0.0,0.0,0.0,501.3291004493109,12292.73394218035,"['*A1e', 'L-u']",20819.764812
39009170001.0,Wooster WWTP & Sewer System,OH,Wooster,40.7858,-81.9493,7.5,9745.845717938017,7464.322280536559,1087.081272187158,6935.093779862805,0.0,0.0,938.72726450127,0.0,26171.07031502581,['*E1e'],28390.58838
27000045001.0,ST CLOUD WWTF,MN,Saint Cloud,45.47348901,-94.12126949,17.9,23098.33283510507,3017.698540089288,2571.02052067707,7975.864910000258,0.0,0.0,0.0,858.6829066855012,37521.59971255718,['*A1e'],67758.8709336
36002001009.0,New York (C) - Coney Island WPCP,NY,Brooklyn,40.5905,-73.9322,110.0,142939.0705297576,109476.7267812029,15943.85865874498,22119.47434635565,0.0,0.0,1402.314520547945,3813.915078493255,295695.3599151022,['*E1e'],416395.29624
36009107001.0,Lewiston (T) Master SD WWTP & Sewers,NY,Lewiston,43.17405,-79.04443,2.75,3546.263279473589,2496.671742127255,394.1259196043983,804.9810035312718,1484.791250038397,334.9078971548171,344.199996983799,0.0,9405.941088913529,['*G1e'],10409.882406
51000279001.0,WAYNESBORO STP,VA,Waynesboro,38.080536,-78.874625,6.0,7792.680652306611,5391.497198237525,852.542542268442,3389.486443485223,0.0,0.0,184.3766821917808,0.0,17610.58351848958,['F1e'],22712.470704000003
39002093001.0,Dayton WWTP & Sewer System,OH,Dayton,39.7257,-84.2295,72.0,92847.3247277149,41718.23317695049,10370.07177551018,28397.54663837506,0.0,0.0,0.0,9803.8406521931,183137.0169707437,"['*C1e', '*E1e']",272549.648448
53000213001.0,SALMON CREEK STP,WA,Vancouver,45.73,-122.7273,14.95,19291.6243511073,2520.368333761724,2147.304848274983,851.8781011045265,0.0,0.0,0.0,576.3528246907242,25387.52845893925,['*A1e'],56591.90617079999
47000515001.0,FRANKLIN STP,TN,Franklin,35.9435,-86.8688,16.0,20791.1375316011,15923.88753181132,2319.10671399927,7100.847064957276,0.0,0.0,2002.618164269376,0.0,48137.59700663835,['*E1e'],60566.588544000006
8000216001.0,DURANGO WWTP,CO,Durango,37.269358,-107.884768,3.28,3090.289231224594,2328.019504633964,472.7137521072416,1400.009254767821,0.0,0.0,52.98218395303326,144.0971674393129,7488.111094125968,"['*C1e', 'L-u']",12416.15065152
25000041001.0,Pittsfield Sewerage Collection System and WPCF,MA,Pittsfield,42.407678,-73.24276,11.3,14460.00271339501,1848.644288978822,1617.181190550933,2362.008965744905,0.0,0.0,1414.349078515247,0.0,21702.18623718492,['*C1e'],42775.1531592
36002001007.0,New York (C) - Red Hook WPCP,NY,Brooklyn,40.7057,-73.9844,60.0,77966.76574350413,59714.57824429247,8696.650177497264,12065.1678252849,0.0,0.0,66.55722113502935,1792.898537557102,160302.6177492709,['*E1e'],227124.70704
13000012004.0,RM Clayton WRP,GA,Atlanta,33.823278,-84.454393,100.0,129074.9050318873,90655.41240829215,14281.24610149292,217158.6301695896,123812.5796425319,27929.34285311268,820.0917195303326,2230.427004094663,605962.6349305316,['*D1e'],378541.17840000003
34005051001.0,Landis Sewerage Authority - CS/STP,NJ,Vineland,39.46273913,-75.06423544,8.2,10655.45798494556,8160.992360053302,1188.542190924626,2625.088242405269,0.0,0.0,0.0,456.3801039255423,23086.4608822543,['*E1e'],31040.3766288
29001023001.0,Bissell Point WWTP,MO,Saint Louis,38.67361,-90.19497,250.0,179820.6060306525,41614.672344105,35919.40441327981,214141.6486169524,18223.1394363154,4106.510701009143,0.0,0.0,493825.9815423143,"['*A1e', '*A6', '*C1e', '*C6']",946352.9460000001
12000001001.0,BROWARD CNTY N. DIST REG,FL,Pompano Beach,26.2608,-80.1528,84.0,109097.5291322926,75480.96077532535,11935.59559175819,56767.57177583304,0.0,0.0,0.0,6022.47300749968,259304.1302827088,['F1e'],317974.58985600004
41000059001.0,MEDFORD STP,OR,Central Point,42.434,-122.8993,20.0,25700.55913415029,3321.833503521524,2867.458110175142,4806.810981371296,0.0,0.0,0.0,2723.28907005364,39419.95079927189,"['*A1e', '*C1e']",75708.23568
17000112001.0,URBANA CHAMPAIGN SD -NORTHEAST STP,IL,Urbana,40.1158,-88.193,17.3,22309.14885818705,10023.96436057283,2491.697801615641,5314.582732286312,0.0,0.0,0.0,787.3727313363049,40926.76648399814,"['*C1e', '*E1e']",65487.62386320001
6001045001.0,Laguna Wastewater Treatment Plant,CA,Santa Rosa,38.3688,-122.7686,21.3,20182.66696218957,15171.07153418406,3075.284887607453,4360.10896257291,0.0,0.0,0.0,2147.013598178599,44936.1459447326,"['*A1e', 'L-u']",80629.2709992
6008100001.0,El Toro Water District (Water Reclamation Plant),CA,Laguna Woods,33.619212,-117.726477,6.0,5685.258299208331,4273.541277234947,866.2774331288598,1626.554930929305,0.0,0.0,158.8374179762722,431.9946877622937,13042.46404624001,"['*A1e', 'L-u']",22712.470704000003
27000001001.0,METROPOLITAN WWTP,MN,Saint Paul,44.92579687,-93.04530563,200.0,144300.1252765156,180697.0798974206,28610.08523554437,224868.7160568056,115009.8595219639,25946.45082323847,0.0,0.0,719432.3168114885,"['*G1e', '*G6']",757082.3568000001
11000001001.0,BLUE PLAINS STP,DC,Washington,38.816781,-77.032755,384.0,498987.3007584264,382173.3007634718,55658.56113598248,79976.68846308303,0.0,0.0,0.0,23842.99121175941,1040638.842332723,['*E1e'],1453598.1250560002
34007117001.0,Willingboro Township MUA - CS/STP,NJ,Willingboro,40.02779401,-74.92011442,5.2,6654.160540677351,850.7035666097233,744.189574412819,999.342119405829,0.0,0.0,57.11400352250489,155.3345957955876,9460.844400423815,['*C1e'],19684.1412768
6002039001.0,MILLBRAE MADRONE WWTF,CA,Millbrae,37.603284,-122.379198,3.0,3871.228966777386,505.7595318585399,430.8972939682241,470.1373778523712,0.0,0.0,0.0,163.426261113436,5441.449431569958,['*A1e'],11356.235352000002
49000130001.0,CENTRAL WEBER SID,UT,Ogden,41.2712,-112.0422,47.0,60143.37411766067,7689.051467434038,6726.328845654324,23782.25205250792,0.0,0.0,1680.76881644037,4571.235224732894,104593.0105244302,['*C1e'],177914.353848
55000170001.0,APPLETON WWTP,WI,Appleton,44.2664,-88.3728,15.5,20141.41448373857,15426.26604644222,2246.634629186793,13566.35647644119,0.0,0.0,0.0,2110.54902929157,53491.22066510034,['*E1e'],58673.882652
36003169012.0,Westchester (Co) Yonkers Joint STP,NY,Yonkers,40.909806,-73.8915,104.0,134202.604181616,17532.99710442939,14937.7728575651,13941.04604326279,0.0,0.0,1041.342420195695,2832.168889406598,184487.9314964756,['*A1e'],393682.825536
42000094001.0,PHILADELPHIA WATER DEPT (NE),PA,Philadelphia,39.9914,-75.085,210.0,270986.027674417,35403.1672300978,30162.81057777568,58095.52373883115,0.0,0.0,0.0,28594.53523556321,423242.0644566849,['*A1e'],794936.47464
49000055001.0,SALT LAKE CITY,UT,Salt Lake City,40.8132,-111.9297,48.0,61939.66346843817,8092.152509736638,6894.356703491585,26970.90183794547,0.0,0.0,0.0,1752.393612381374,105649.4681319932,['*A1e'],181699.76563200002
6005015001.0,TULARE WWTF,CA,Tulare,36.1901,-119.3657,5.0,3199.115644556418,4200.129434343604,712.7272310369317,1392.692474924496,0.0,0.0,462.1520419162651,0.0,9966.816826777715,"['*C1e', 'L-a']",18927.05892
55003390001.0,NEW LONDON WWTP,WI,New London,44.3907,-88.7507,2.0,2580.819311184924,337.1730212390266,287.2648626454827,1166.92092465858,0.0,0.0,0.0,272.3289070053639,4644.507026733377,['*A1e'],7570.823568000001
4001903001.0,PCRWRD Tres Rios Water Reclamation Facility,AZ,Tucson,32.3365,-111.0661,50.0,64520.48277962308,8429.325530975666,7181.621566137068,2758.378651078355,0.0,0.0,0.0,6808.222675134099,89698.03120294826,['*A1e'],189270.58920000002
34003079001.0,Ocean County UA Northern WPCF - CS/STP,NJ,Brick,40.04262,-74.07839,28.0,36131.47035658893,4720.422297346373,4021.708077036757,5975.413873995386,0.0,0.0,0.0,3233.773430270608,54082.78803523805,['*A1e'],105991.52995200001
29001023004.0,Missouri River WWTP,MO,Saint Louis,38.745778,-90.495194,38.0,49124.24376869727,6359.729794821761,5440.517544672622,35358.42212558784,0.0,0.0,1281.032766027397,0.0,97563.94599980688,['A1e'],143845.647792
19000243001.0,DUBUQUE WWTP,IA,Dubuque,42.4695,-90.6597,13.47,17373.20299331092,2211.430029680325,1938.786323564391,5609.715041669607,0.0,0.0,0.0,634.9566408573614,27768.09102908261,"['*C1e', '*B1e']",50989.49673048001
55002981001.0,NEENAH-MENASHA SC WWTP,WI,Menasha,44.1962,-88.4616,8.2,10655.45798494556,8160.992360053302,1188.542190924626,7177.040200439852,0.0,0.0,0.0,1116.548518721992,28298.58125508534,['*E1e'],31040.3766288
36002001010.0,New York (C) - Owls Head WPCP,NY,Brooklyn,40.6398,-74.0356,120.0,155933.5314870083,119429.1564885849,17393.30035499453,24130.3356505698,0.0,0.0,501.8809863013699,5850.344998036101,323238.549965495,['*E1e'],454249.41408
6003010001.0,SANTA CRUZ WWTF,CA,Santa Cruz,36.961685,-122.030345,17.0,21753.98638298365,2781.146275454865,2432.927454811138,2399.127539767852,0.0,0.0,0.0,863.1492019747894,30230.33685499229,['*C1e'],64352.00032800001
6003081001.0,SO SAN LUIS OB CO WWTF,CA,Oceano,35.100868,-120.62425,5.0,6452.048277962309,842.9325530975667,718.1621566137068,783.5622964206186,0.0,0.0,0.0,156.8723491496042,8953.577633243805,['*A1e'],18927.05892
6004026001.0,Tapia Water Reclamation Facility,CA,Calabasas,34.089061,-118.685303,16.1,15255.44310287569,11467.33576058044,2324.511112229107,4364.589064660302,0.0,0.0,31.48486050880625,1066.709750276061,34510.0736511304,"['*A1e', 'L-u']",60945.12972240001
6005205001.0,"Davis, City of WWTP",CA,Davis,38.5906,-121.6708,7.5,9678.072416943463,1264.39882964635,1077.24323492056,1175.343444630928,0.0,0.0,91.86214481409002,249.84011369453,13536.76018464992,['*A1e'],28390.58838
12000053001.0,Howard F Curren AWTP,FL,Tampa,27.9246,-82.4394,96.0,124789.8148329754,15816.20046796972,13896.37717694569,42682.80190602411,0.0,0.0,0.0,5914.388661498905,203099.5830454138,['*B1e'],363399.53126400005
27000003001.0,ALBERT LEA WWTP,MN,Albert Lea,43.6058976,-93.30197628,18.38,23883.81923942676,18292.56580216826,2664.073837706662,3928.961116078953,0.0,0.0,0.0,164.6005454928668,48934.0205408735,['*E1e'],69575.86858992
41000045001.0,MWMC - EUGENE/SPRINGFIELD STP,OR,Eugene,44.0956,-123.1119,49.0,63640.22532717066,44030.56045227312,6962.430761858943,12682.34769822253,0.0,0.0,0.0,1149.694663793164,128465.2589033184,['F1e'],185485.17741600002
41000065001.0,THE DALLES STP,OR,The Dalles,45.598,-121.1656,4.15,5364.88451684457,694.5494381186924,594.1617844839838,582.1284193636887,0.0,0.0,0.0,280.8262714215973,7516.550430232533,['A1e'],15709.458903600003
27000038001.0,OWATONNA WWTP,MN,Owatonna,44.0971,-93.233,5.0,6398.231289112837,817.9841986631955,715.5668984738643,2006.298976387216,0.0,0.0,0.0,226.3508415992609,10164.43220423637,['*C1e'],18927.05892
36002001006.0,New York (C) - 26th. Ward WPCP,NY,Brooklyn,40.655,-73.8809,85.0,110396.3092410103,76379.54364169827,12077.68601546959,29935.27078913572,0.0,0.0,1510.618988398243,4108.473850402026,234407.9025261142,['F1e'],321760.00164000003
53001220001.0,Spokane Riverside Park POTW,WA,Spokane,47.695191,-117.473588,51.0,65767.06445569202,46301.91230854182,7309.244327208841,566.0898103352822,27536.12863707573,6211.019183598426,0.0,3067.943398995857,156759.402121448,['*G1e'],193056.00098399998
51000334001.0,WATER RECLAMATION PROJECT,VA,Centreville,38.81142,-77.45508,54.0,70134.12587075951,48523.47478413773,7672.882880415978,30505.377991367,0.0,0.0,9.489346379647749,2928.900385936879,159774.2512589968,['F1e'],204412.236336
55001000001.0,CHIPPEWA FALLS WWTP,WI,Chippewa Falls,44.9291,-91.4079,4.5,5802.976275502236,4085.46285075369,644.9333229890154,1731.376486059513,2429.658409153741,548.0311044351552,0.0,612.7400407620687,15855.17848965542,['*G1e'],17034.353028
34003079002.0,Ocean County UA Central WPCF - CS/STP,NJ,Bayville,39.90755,-74.18002,28.0,36131.47035658893,4720.422297346373,4021.708077036757,5975.413873995386,0.0,0.0,1001.309082134688,2723.289070053639,54573.61275715577,['*A1e'],105991.52995200001
6005053001.0,Fresno-Clovis Regional WRF,CA,Fresno,36.7061,-119.8903,68.0,87747.85658028739,11463.88272212691,9767.005329946413,10656.44723132041,0.0,0.0,0.0,8943.630859066685,128578.8227227478,['*A1e'],257408.00131200004
34003099001.0,South Monmouth Regional CS/STP,NJ,Belmar,40.1673253,-74.04456127,9.8,12540.53332666116,1603.249029379863,1402.511121008774,1883.37553272637,0.0,0.0,54.67972258317026,148.7140120080152,17633.06274436735,['*C1e'],37097.0354832
12000065004.0,Clearwater Northeast WRF,FL,Clearwater,28.0271,-82.701,13.5,17452.03397045824,2259.377690265626,1932.815443502115,7252.634029325805,0.0,0.0,0.0,687.9614590662536,29584.82259261804,['A1e'],51103.059084
42002118003.0,LRBSA THROOP STP,PA,Scranton,41.4494,-75.6319,7.0,9096.122670075481,6966.700795167454,1014.609187374681,2904.969060016915,0.0,0.0,52.97427616438356,303.0908276259962,20338.46681642491,['*E1e'],26497.882488000003
26002017001.0,MIDLAND WWTP,MI,Midland,43.606,-84.2017,10.0,12796.46257822567,1635.968397326391,1431.133796947729,4935.665026929801,0.0,0.0,1251.63635266836,0.0,22050.86615209795,['*C1e'],37854.11784
41000055001.0,COOS BAY STP NO. 1,OR,Coos Bay,43.3784,-124.2169,2.4,3096.983173421908,404.607625486832,344.7178351745792,607.0050107137313,0.0,0.0,0.0,231.1935100870846,4684.507154884134,['*A1e'],9084.9882816
41000001001.0,KELLOGG CREEK STP,OR,Clackamas,45.4412,-122.6417,10.0,12904.09655592462,1685.865106195133,1436.324313227414,985.147665388209,0.0,0.0,29.91780039138943,333.2874285698336,17374.6388696966,['*A1e'],37854.11784
41000031001.0,SALEM WILLOW LAKE STP,OR,Keizer,45.009,-123.0494,35.0,45496.28665785562,5766.323087280626,5066.387512428116,4063.108713588605,0.0,0.0,0.0,1399.591412692807,61791.69738384578,['*B1e'],132489.41244000001
6008052001.0,Rialto WWTP,CA,Bloomington,34.0559,-117.3613,11.7,15203.5193199833,11644.34275763703,1695.846784611966,3642.581078315242,0.0,0.0,185.2017281409002,503.6984593467582,32875.1901280352,['*E1e'],44289.3178728
34001379001.0,Ridgewood Village WPCF - CS/STP,NJ,Glen Rock,40.96372589,-74.11033292,5.0,6452.048277962309,842.9325530975667,718.1621566137068,1067.03819178489,0.0,0.0,0.0,199.9043515154985,9280.08553097397,['*A1e'],18927.05892
12000017004.0,MDWASD Central District WWTF,FL,Miami,25.745,-80.1533,143.0,185884.828344953,23559.54861374656,20699.81183649202,43345.48750471653,0.0,0.0,5113.828526616444,13908.22632205966,292511.7311485842,['*B1e'],541313.885112
55004330001.0,SHEBOYGAN REGIONAL WWTP,WI,Sheboygan,43.7198,-87.7103,18.4,23727.72521538692,16705.00365641509,2637.060698443974,26155.00952379581,9934.603272984183,2240.838293690412,2303.010888909782,0.0,83703.25154962615,['*G1e'],69651.5768256
30000047001.0,MISSOULA WWTP,MT,Missoula,46.8742,-113.9946,12.5,16119.37854306177,11348.50791876025,1791.481452747265,204.0878633411658,6749.051136538169,1522.308623430987,0.0,1069.903545703634,38804.71908358324,['*G1e'],47317.647300000004
6005227001.0,Dry Creek WWTP,CA,Roseville,38.737348,-121.316614,18.0,23033.63264080621,2944.743115187503,2576.040834505912,2540.252689165961,0.0,0.0,0.0,805.9404757973906,31900.60975546298,['*C1e'],68137.412112
55002320001.0,JANESVILLE WWTP,WI,Janesville,42.6354,-89.0659,16.1,20761.75956346355,14616.8781993632,2307.428111138478,12978.20258094554,8692.777863861162,1960.733506979111,0.0,2192.24770139318,63510.02752714423,['*G1e'],60945.12972240001
25000016001.0,Plymouth Sewerage Collection System and WWTF,MA,Plymouth,41.927406,-70.643157,1.55,2000.134966168316,261.3090914602457,222.6302685502491,359.777423910233,0.0,0.0,194.0036346635958,0.0,3037.85538475264,['*A1e'],5867.3882652
6003004001.0,San Luis Obispo WRF,CA,San Luis Obispo,35.286685,-120.660095,5.1,3203.348593342566,4991.164337733614,731.3699292961405,1144.664732801643,0.0,0.0,416.5127542023789,0.0,10487.06034737634,"['*C1e', 'L-a', 'L-u']",19305.6000984
6003021001.0,Goleta Sanitary District Water Resource Recovery Facility,CA,Goleta,34.4246,-119.8361,9.8,12540.53332666116,1603.249029379863,1402.511121008774,1383.026464101468,0.0,0.0,129.9513268101762,353.4323559581156,17412.70362391956,['*C1e'],37097.0354832
24000001001.0,BACK RIVER WWTP,MD,Baltimore,39.2953,-76.4917,132.0,170220.6374147322,119840.2436221082,18918.04414101112,40019.98720846652,71269.98000184305,16075.57906343122,2663.963978630137,7245.259346448441,446253.6947766711,['*G1e'],499674.35548800003
30000060001.0,BILLINGS WWTP,MT,Billings,45.8025,-108.4669,26.0,33550.65104540401,4383.249276107346,3734.443214391275,213.1258979625303,0.0,0.0,281.3854794520548,765.2921703555545,42928.14708367277,['*A1e'],98420.706384
45000614021.0,PELHAM WWTP,SC,Greer,34.8583,-82.23,7.5,9749.204283826204,1235.640661560134,1085.654466948882,665.872984973043,0.0,0.0,48.40752821917809,613.809485408979,13398.58941093642,['*B1e'],28390.58838
8000041001.0,BROOMFIELD WWTP,CO,Denver,39.9213,-105.02351,12.0,15474.55412128582,6953.03886282508,1728.345295918363,6211.038379969961,0.0,0.0,217.1668550136986,590.6349329978187,31174.77844801074,"['*C1e', '*E1e']",45424.941408000006
49000018001.0,NORTH DAVIS SD,UT,Syracuse,41.0844,-112.1091,34.0,43690.9505280555,5647.11695598659,4874.678787297742,18154.28556886741,0.0,0.0,0.0,1354.943514727867,73721.97535493512,"['*A1e', '*C1e']",128704.00065600002
49000129001.0,PAYSON,UT,Payson,40.0436,-111.7387,3.1,3987.203748084999,512.9851326901623,443.7415857438075,2024.404298896072,0.0,0.0,33.9166373150685,92.24405265174181,7094.495455381852,"['A1e', '*C1e']",11734.7765304
26002014001.0,MARQUETTE WWTP,MI,Marquette,46.5465,-87.4285,6.2,7933.806798499919,1014.300406342363,887.3029541075917,970.3095421176075,0.0,0.0,776.0145386543832,0.0,11581.73423972186,['*C1e'],23469.5530608
6008022001.0,OCSD WRP No. 1,CA,Fountain Valley,33.692,-117.939,120.0,153557.5509387081,19631.62076791669,17173.60556337274,22427.73446500506,0.0,0.0,2932.735217221135,10858.25924255013,226581.5061947738,['*C1e'],454249.41408
55003100001.0,MILWAUKEE MSD COMBINED - Jones Island,WI,Milwaukee,43.024432,-87.897985,112.0,144787.2447919498,18744.46676368519,16035.20960535088,103808.6490593741,0.0,0.0,1990.46266706592,5413.51848523561,290779.5513726616,['A1e'],423966.11980800005
6004006001.0,Ventura Water Reclamation Facility,CA,Ventura,34.24,-119.2612,14.0,18182.92152204876,12580.16012922089,1989.265931959698,7633.672952708542,0.0,0.0,0.0,946.2624408300594,41332.28297676796,['F1e'],52995.764976000006
25000035001.0,Greater Lawrence Sanitary District,MA,North Andover,42.714543,-71.128793,55.0,70931.84251317072,50099.83648360447,7955.490231239163,24181.79868708478,12829.64265142744,2895.645832943223,8.972704187866928,2888.989771964173,171792.2188756219,['*G1e-p'],208197.64812
6004027001.0,Oxnard WWTP,CA,Oxnard,34.14161,-119.185739,31.7,40564.78637297538,5186.019819524659,4536.6941363243,5924.659854505504,0.0,0.0,589.2528251272016,1602.607832884197,58404.02084134124,['*C1e'],119997.5535528
26000054001.0,DELHI TWP WWTP,MI,Holt,42.6258,-84.5773,4.0,5197.784382900276,3980.971882952831,579.7766784998175,3288.704667632034,0.0,0.0,0.0,544.6578140107277,13591.89542599568,['*E1e'],15141.647136000001
13000051001.0,South Columbus WRP,GA,Columbus,32.4102,-84.9743,42.0,54197.20553488339,7080.633446019559,6032.562115555137,11776.77634062259,0.0,0.0,0.0,1475.674000199434,80562.85143728011,['*A1e'],158987.29492800002
51000123001.0,ABINGDON WWTP & Collection System,VA,Abingdon,36.68706,-81.98219,4.95,6387.527795182686,834.5032275665909,710.9805350475697,1814.67826766064,0.0,0.0,21.57376540117417,58.67478939836101,9827.938380257021,['*A1e'],18737.788330800002
53000776002.0,WEST POINT WWTP,WA,Seattle,47.663487,-122.427318,215.0,279477.1894696845,35421.69896472384,31122.09471920129,14002.11422101073,0.0,0.0,0.0,5242.627740134084,365265.7251147544,['*B1e'],813863.5335600001
39004571001.0,London WWTP & Sewer System,OH,London,39.8765,-83.4337,5.8,7479.367825288145,3360.635450365456,835.366893027209,2287.580145869102,0.0,0.0,725.9490845476489,0.0,14688.89939909756,"['*C1e', '*E1e']",21955.3883472
6002008001.0,"Sunnyvale, City of (WPCP)",CA,Sunnyvale,37.418845,-122.015362,29.5,69450.21370748011,2486.651031637821,4243.913223401421,4276.200546518707,0.0,0.0,0.0,951.471445897791,81408.44995493587,"['*A1e', 'L-f']",111669.647628
26000413001.0,FLUSHING WWTF,MI,Flushing,43.0681,-83.8654,3.0,3871.228966777386,505.7595318585399,430.8972939682241,1644.243158370413,0.0,0.0,0.0,408.4933605080458,6860.622311482609,['*A1e'],11356.235352000002
18000851002.0,Evansville WESTSIDE WWTP,IN,Evansville,37.96,-87.6314,20.6,26768.58957193642,20502.00519720708,2985.849894274061,23045.29405036328,0.0,0.0,736.6773961419492,2003.562672968034,76041.97878289083,['*E1e'],77979.48275040001
51000308012.0,ATLANTIC W P C F,VA,Virginia Beach,36.771635,-75.971575,54.0,70194.27084354867,8896.612763232966,7816.712162031951,13682.42994974601,0.0,0.0,17.79252446183953,1935.776972734491,102543.5952157559,['*B1e'],204412.236336
12000157001.0,"Lakeland, City of - Glendale WRF",FL,Lakeland,28.0076,-81.9282,13.7,17678.61228161672,2309.635195487333,1967.764309121557,5169.079233700074,0.0,0.0,0.0,1865.453012986743,28990.54403291243,['*A1e'],51860.1414408
6004009004.0,LACSD (Whittier Narrows WRP),CA,El Monte,34.0302,-118.0671,15.0,19481.70163076653,13478.74299559381,2131.356355671105,8178.935306473438,0.0,0.0,266.5798214820429,725.0247971297694,44262.3409071167,['F1e'],56781.17676
6004009007.0,LACSD (Saugus WRP),CA,Santa Clarita,34.4127,-118.5393,6.5,8446.399622212948,6469.079309798351,942.1371025622036,2023.656154619579,0.0,0.0,0.0,885.0689477674327,18766.34113696051,['*E1e'],24605.176596
36007136001.0,Onondaga (Co) Metro Syracuse STP,NY,Syracuse,43.0628,-76.1758,80.0,103232.7724473969,13486.92084956107,11490.59450581931,10723.88157174061,0.0,0.0,2860.883091813395,7780.825914438969,149575.8783807703,['*A1e'],302832.94272
10000027001.0,WILMINGTON STP,DE,Wilmington,39.7295,-75.5043,105.0,99492.02023614579,74786.97235161158,15159.85507975505,49334.48138688492,0.0,0.0,0.0,4457.964895827235,243231.2939502245,"['*A1e', 'L-u']",397468.23732
6004009001.0,LACSD (Joint Water Pollution Control Plant),CA,Carson,33.8044,-118.2839,260.0,337972.4151726417,42835.54293408465,37636.02152089457,63586.61184433167,0.0,0.0,0.0,0.0,482030.5914719527,['*B1e'],984207.06384
6005009001.0,Sacramento Regional County Sanitation District (Sacramento Regional Treatment Plant),CA,Elk Grove,38.4485,-121.4617,115.0,149487.7990186685,18946.49014392206,16646.70182654952,21236.86626304477,0.0,0.0,7552.004058708416,2381.904670731925,216251.7659816251,['*B1e'],435322.35516000004
6005010001.0,Bakersfield WWTP #2,CA,Bakersfield,35.3251,-118.9844,25.0,31991.15644556419,4089.920993315977,3577.834492369322,4672.444680209388,0.0,0.0,0.0,1425.199845121164,45756.55645658004,['*C1e'],94635.29460000001
9001040001.0,NORWICH WPCF,CT,Norwich,41.526191,-72.084583,8.5,10968.48207253592,1432.985340265863,1220.875666243302,1855.862357935564,0.0,0.0,38.87996086105675,105.7429462552171,15622.82834409692,['*A1e'],32176.000164000005
27000019001.0,FAIRMONT WWTP,MN,Fairmont,43.6702,-94.4596,3.9,5041.698702576825,652.7091105211807,558.3689059006111,791.3090065379462,0.0,0.0,21.41692759295499,198.760893893281,7264.263547022799,['A1e'],14763.105957599999
26000908001.0,BUENA VISTA TWP STP,MI,Saginaw,43.4649,-83.8969,2.2,2815.221767209648,359.913047411806,314.8494353285004,1085.846305924556,0.0,0.0,275.3599975870393,0.0,4851.19055346155,['*C1e'],8327.905924800001
39006230001.0,Oberlin WWTP & Sewer System,OH,Oberlin,41.2939,-82.1835,1.5,1949.169143587603,1492.864456107312,217.4162544374316,404.4130434852638,0.0,0.0,0.0,204.2466802540229,4268.109577871633,['*E1e'],5678.117676000001
39000630001.0,Eastern Ohio Regional WW Authority,OH,Bellaire,40.0446,-80.7327,5.0,6499.469522550802,823.7604410400895,723.769644632588,3631.867954094812,0.0,0.0,625.8181763341801,0.0,12304.68573865247,['*B1e'],18927.05892
12000073001.0,St Petersburg Southwest WWTP,FL,Saint Petersburg,27.717917,-82.6844444,20.0,25854.86514141961,3347.226207800927,2863.4302866698,10744.6430064086,0.0,0.0,0.0,2222.559011991945,45032.72365429089,['A1e'],75708.23568
26000460001.0,MARYSVILLE STP,MI,Marysville,42.9138,-82.4903,2.67,3416.655508386254,436.8035620861464,382.1127237850436,1317.822562190257,0.0,0.0,334.1869061624521,0.0,5887.581262610153,['*C1e'],10107.04946328
19000226001.0,DES MOINES METRO WRA WWTP,IA,Des Moines,41.5723,-93.5577,57.8,74516.5219930157,30696.99350645069,8242.389918438597,40847.44498418945,0.0,0.0,0.0,5993.166081107046,160296.5164832015,"['*C1e', 'F1e']",218796.8011152
55003970001.0,RACINE STP,WI,Racine,42.7044,-87.7849,36.0,46780.05944610248,35828.74694657548,5217.990106498359,35153.51359407907,0.0,0.0,4505.890869606095,0.0,127486.2009628615,['*E1e'],136274.824224
5000001001.0,Little Rock - Fourche Creek WWTP,AR,Little Rock,34.698357,-92.162882,16.0,20646.55448947939,2697.384169912213,2298.118901163862,5472.619727993364,0.0,0.0,0.0,2413.144363111704,33527.82165166053,['*A1e'],60566.588544000006
26004010001.0,GENESEE COUNTY DIST. 3 WWTP,MI,Linden,42.7485,-83.8497,2.75,2618.168492319486,3095.359051395889,398.847463682937,2345.635880525372,0.0,0.0,254.8016913369366,0.0,8712.81257926062,"['*E1e', 'L-u']",10409.882406
39008358001.0,Twinsburg WWTP & Sewer System,OH,Twinsburg,41.3213,-81.4527,6.071,7888.937247146893,6042.120075351659,879.9560537930981,1636.794391332691,0.0,0.0,759.8684297049612,0.0,17207.6761973293,['*E1e'],22981.234940664002
6008022002.0,OCSD WWTP No. 2,CA,Huntington Beach,33.637596,-117.958274,59.0,76134.16967995524,9946.604126551285,8474.313448041741,12244.90112211065,0.0,0.0,852.7232093933465,7814.224502927911,115466.9360889802,['*A1e'],223339.295256
36006158001.0,Oneida (Co) Oneida Co.WPCP,NY,Utica,43.106249,-75.212631,54.0,70170.08916915373,53743.12041986322,7826.985159747537,10858.65104275641,0.0,0.0,0.0,0.0,142598.8457915209,['*E1e'],204412.236336
27000180001.0,WORTHINGTON WWTP,MN,Worthington,43.6452,-95.5822,4.0,5118.585031290269,654.3873589305564,572.4535187790915,31.70853108891263,0.0,0.0,0.0,244.3916635823968,6621.526103671227,['*C1e'],15141.647136000001
36007027001.0,"Auburn, (C) WWTP & Collection",NY,Auburn,42.9401,-76.5936,12.0,15355.75509387081,1963.162076791669,1717.360556337274,1448.58557754716,0.0,0.0,221.4035845792564,602.1576880836499,21308.42457720982,['*C1e'],45424.941408000006
6008006001.0,San Jacinto Regional WRF,CA,San Jacinto,33.80411,-117.010317,20.0,25808.19311184924,3371.730212390267,2872.648626454827,4150.813939698524,0.0,0.0,0.0,775.1180199919886,36978.50391038484,['*A1e'],75708.23568
6002040001.0,North San Mateo County Sanitation District WWTP,CA,Daly City,37.702336,-122.484233,10.3,13388.90721645466,1696.946508542584,1490.965467943131,1902.084543559662,0.0,0.0,5.252089628180039,652.5479657062463,19136.70379183445,['*B1e'],38989.74137520001
6008004001.0,San Bernardino WRP,CA,San Bernardino,34.0775,-117.2926,33.0,42859.74358768637,29653.23459030639,4688.98398247643,17993.65767424156,0.0,0.0,0.0,2233.07637515969,97428.69620987045,['F1e'],124918.58887200001
6009041002.0,"Oceanside, City of (San Luis Rey WWTF)",CA,Oceanside,33.180233,-117.370986,15.5,20001.34966168315,2613.090914602456,2226.302685502491,4031.147979734989,0.0,0.0,0.0,1504.990963210694,30376.88220473379,['*A1e'],58673.882652
27000043001.0,ROCHESTER WWTP,MN,Rochester,44.0644,-92.4675,23.85,30975.90559291879,21431.20136299416,3388.856605517057,27919.99814195927,0.0,0.0,0.0,842.3734014156288,84558.33510480491,['F1e'],90282.07104840002
6002030001.0,Richmond Municipal Sewer District Water Pollution Control Plant,CA,Richmond,37.9209,-122.3781,16.0,20646.55448947939,2697.384169912213,2298.118901163862,2507.39934854598,0.0,0.0,0.0,0.0,28149.45690910144,['*A1e'],60566.588544000006
55004620001.0,STEVENS POINT STP,WI,Stevens Point,44.51189,-89.58493,4.89,6310.103215847137,824.3880369294201,702.3625891682052,935.6526247403975,0.0,0.0,0.0,665.8441776281146,9438.350644313274,['*A1e'],18510.66362376
18002140001.0,MARION WWTP,IN,Marion,40.579,-85.6601,12.0,15593.35314870083,11942.91564885849,1739.330035499453,9143.257056389204,0.0,0.0,0.0,331.2084147112564,38750.06430415923,['*E1e'],45424.941408000006
39008260001.0,Toledo Bay View Park WWTP & Sewers,OH,Toledo,41.6929,-83.4828,102.0,132543.501763957,101514.7830152972,14784.30530174535,27500.08695699793,0.0,0.0,0.0,13888.77425727356,290231.4512952711,['*E1e'],386112.00196799997
6009032001.0,Hale Avenue RRF,CA,Escondido,33.1052,-117.1114,18.0,23227.37380066431,3034.55719115124,2585.383763809345,4681.333137756761,0.0,0.0,0.0,1385.555201542089,34914.20309492375,['*A1e'],68137.412112
8000121001.0,South Platte Renew LITTLETON/ENGLEWOOD WWTP,CO,Englewood,39.6613,-105.0038,50.0,63982.31289112837,8179.841986631955,7155.668984738643,19415.90709009553,0.0,0.0,0.0,1686.653760370504,100420.384712965,['*C1e'],189270.58920000002
24000063001.0,Marlay-Taylor WRF,MD,Lexington Park,38.2643,-76.4147,6.0,7742.457933554771,1011.51906371708,861.7945879364481,833.0351924523254,0.0,0.0,0.0,419.8769219769108,10868.68369963754,['*A1e'],22712.470704000003
36002001002.0,New York (C) - Hunts Point WPCP,NY,Bronx,40.8014,-73.8796,200.0,259756.0217435537,179716.5732745842,28418.0847422814,70435.93126855465,0.0,0.0,2769.439381604697,10449.76886440625,551545.8192749849,['F1e'],757082.3568000001
55000750001.0,BURLINGTON WWTP,WI,Burlington,42.649,-88.255,3.5,4548.061335037741,3483.350397583727,507.3045936873403,3417.702710535465,0.0,0.0,0.0,476.5755872593867,12432.99462410366,['*E1e'],13248.941244000001
34007424001.0,Trenton City - CS/CSO/STP,NJ,Trenton,40.18974475,-74.75283946,27.0,34550.44896120932,4417.114672781256,3864.061251758867,5188.891773837958,0.0,0.0,79.80144915851272,217.0382933154964,48317.35640206141,['*C1e'],102206.118168
55000000052.0,MILWAUKEE MSD COMBINED - South Shore,WI,South Milwaukee,42.901276,-87.846851,265.0,344353.2153671433,263739.387245625,38410.20495061292,258768.9195119709,0.0,0.0,9476.67524163187,25773.98584157909,940522.3881585632,['*E1e'],1003134.1227600002
6009031002.0,North City WRP,CA,San Diego,32.8813,-117.1989,32.0,41293.10897895878,5394.768339824426,4596.237802327723,8322.370022678686,0.0,0.0,1144.353236725358,3112.330365775588,63863.16874629056,['*A1e'],121133.17708800001
6009031001.0,Point Loma WRP,CA,San Diego,32.6667,-117.2434,175.0,227481.4332892781,28831.61543640313,25331.93756214058,53632.02033196162,0.0,0.0,0.0,15206.57623057468,350483.5828503582,['*B1e'],662447.0622
6002044004.0,Central Marin San. Agency WWTF,CA,San Rafael,37.948445,-122.495724,10.0,12904.09655592462,1685.865106195133,1436.324313227414,1567.124592841237,0.0,0.0,113.4767671232877,521.9041686359192,18228.79150394761,['*A1e'],37854.11784
6002023001.0,Delta Diablo Wastewater Treatment Plant,CA,Antioch,38.0128,-121.8343,19.5,25162.988284053,3287.43695708051,2800.832410793457,3055.892956040413,0.0,0.0,0.0,1570.826163098527,35877.97677106591,['*A1e'],73815.529788
53001220000.0,Spokane County Regional WWTP,WA,Spokane,47.667306,-117.353296,7.68,9910.346154950106,1294.744401557862,1103.097072558654,39.0378117902898,0.0,0.0,274.6447768140859,746.959287786141,13368.82950545714,['*A1e'],29071.96250112
51000174001.0,CHRISTIANSBURG WWTP,VA,Christiansburg,37.15688,-80.47159,6.0,7677.877546935403,981.5810383958345,858.6802781686372,1980.827142313027,0.0,0.0,0.0,107.988998123811,11606.95500393671,['*C1e'],22712.470704000003
37001301003.0,MUDDY CREEK WWTP,NC,Midland,35.216116,-80.500885,0.3,383.8938773467702,49.07905191979172,42.93401390843186,113.2806474187871,0.0,0.0,10.72831159430023,29.17809717914613,629.0939993672271,['*C1e'],1135.6235352
6008010006.0,IEUA Carbon Canyon WRF,CA,Chino,34.0133,-117.3556,12.0,15484.91586710954,2023.03812743416,1723.589175872896,2490.488363819115,0.0,0.0,429.1324637720091,1167.123887165845,23318.28788517357,['*A1e'],45424.941408000006
6009031004.0,South Bay WRP,CA,San Diego,32.544552,-117.070688,18.0,23227.37380066431,3034.55719115124,2585.383763809345,4681.333137756761,0.0,0.0,643.6986956580137,1750.685830748768,35923.03241978844,['*A1e'],68137.412112
30000106001.0,GRASS RANGE WWTF,MT,Great Falls,47.5199,-111.3008,0.038,49.12424376869726,6.359729794821761,5.440517544672621,0.3742251773048888,0.0,0.0,0.6753355477545085,1.836729486062082,63.81078131931312,['A1e'],143.845647792
36007090001.0,Cortland (C) WWTP,NY,Cortland,42.5985,-76.1587,9.0,11516.81632040311,1472.371557593752,1288.020417252956,1086.43918316037,0.0,0.0,81.84561252446184,222.5978631338639,15668.09095406851,['*C1e'],34068.706056
55000500000.0,Delafield-Hartland WPCC,WI,Delafield,43.032902,-88.450434,3.23,4165.234150979432,1871.526293910418,465.2129421513595,2523.741335268377,0.0,0.0,115.5081548319658,314.1508462954733,9455.373723437024,"['*C1e', '*E1e']",12226.88006232
6008010005.0,IEUA Regional Plant No.5,CA,Chino,33.9683,-117.6749,15.0,19491.69143587603,14928.64456107312,2174.162544374316,4669.975741429797,0.0,0.0,536.4155797150115,1458.904858957307,43259.79472142558,['*E1e'],56781.17676
6002032003.0,Southeast WPCP,CA,San Francisco,37.741128,-122.390571,85.4,110200.9845875962,14397.28800690644,12266.20963496211,13383.24402286417,0.0,0.0,714.4687045009784,5083.117194088079,156045.3121509181,['*A1e'],323274.1663536
6009074002.0,Santa Margarita Water District (Chiquita WRP),CA,San Juan Capistrano,33.541895,-117.607355,9.0,11613.68690033216,1517.27859557562,1292.691881904672,1867.866272864336,0.0,0.0,321.8493478290068,875.3429153743838,17488.71591388018,['*A1e'],34068.706056
17000000025.0,KISHWAUKEE WRD WWTP,IL,Dekalb,41.94445,-88.74211,8.63,11214.21980610734,8588.946837470734,1250.868183863357,888.9807848229342,0.0,0.0,308.6177635293699,839.3565955201037,23090.98997131385,['*E1e'],32668.103695920006
45000614007.0,MAULDIN RD PLANT,SC,Greenville,34.7964,-82.3653,29.0,37421.88001218139,4889.008807965886,4165.3405083595,2184.937730440639,0.0,0.0,94.83020148727982,1475.394408680522,50231.39166911522,['*A1e'],109776.941736
6000000165.0,North of River Sanitary District,CA,Shafter,35.442684,-119.344783,7.5,9678.072416943463,1264.39882964635,1077.24323492056,1556.555227386947,0.0,0.0,268.2077898575058,729.4524294786534,14573.92992823348,['*A1e'],28390.58838
35200900104.0,"Santa Fe, City of WWTP",NM,Santa Fe,35.625085,-106.089213,13.0,16764.10029805963,7532.458768060505,1872.374070578227,8687.045271886693,0.0,0.0,464.8935024196767,1264.384211096333,36585.25612210106,"['*C1e', '*E1e']",49210.353192
17000490001.0,"WOODRIDGE, GREEN VALLEY WWTP",IL,Woodridge,41.744924,-88.061239,12.0,15593.35314870083,11942.91564885849,1739.330035499453,1236.126236138495,0.0,0.0,0.0,878.20412991621,31389.92919911347,['*E1e'],45424.941408000006
8209000130.0,"Brighton, City of",CO,Brighton,39.99,-104.825,3.0,3838.938773467702,490.7905191979173,429.3401390843186,1164.954425405732,0.0,0.0,107.2831159430023,291.7809717914613,6323.087944890133,['*C1e'],11356.235352000002
6002032005.0,Oceanside WPCP,CA,San Francisco,37.7284,-122.5063,43.0,55487.61519047586,7249.219956639074,6176.194546877879,6738.63574921732,0.0,0.0,184.3832720156556,1020.867494694435,76856.91620992022,['*A1e'],162772.706712
6008010004.0,IEUA Regional Plant No.4,CA,Rancho Cucamonga,34.0862,-117.526,14.0,18192.24534015096,13933.40159033491,2029.218374749361,4358.644025334478,0.0,0.0,500.6545410673439,1361.64453502682,40375.80840666387,['*E1e'],52995.764976000006
