source,flow_m3_per_day,size_PE,ch4_kg_per_hr,has_ad,reported_biogas_production,biogas_production_kgCH4_per_hr
"Moore et al., 2023",2233.39295256,,7.2,no,no,
"Moore et al., 2023",227.12470704,,0.936,no,no,
"Moore et al., 2023",984.20706384,,0.396,no,no,
"Moore et al., 2023",1930.56000984,,0.36000000000000004,no,no,
"Moore et al., 2023",18927.05892,,7.2,yes,no,
"Moore et al., 2023",35961.411948,,46.080000000000005,no,no,
"Moore et al., 2023",29526.2119152,,34.56,no,no,
"Moore et al., 2023",28390.58838,,38.519999999999996,yes,no,
"Moore et al., 2023",28390.58838,,90.36000000000001,yes,no,
"Moore et al., 2023",18927.05892,,9.360000000000001,no,no,
"Moore et al., 2023",18927.05892,,1.548,no,no,
"Moore et al., 2023",186999.3421296,,112.68,yes,no,
"Moore et al., 2023",186999.3421296,,99.72,yes,no,
"Moore et al., 2023",43532.235516,,7.5600000000000005,yes,no,
"Moore et al., 2023",43532.235516,,19.08,yes,no,
"Moore et al., 2023",43532.235516,,14.76,yes,no,
"Moore et al., 2023",43532.235516,,11.520000000000001,yes,no,
"Moore et al., 2023",43532.235516,,20.88,yes,no,
"Moore et al., 2023",38232.6590184,,5.04,no,no,
"Moore et al., 2023",638598.9679608,,269.28,yes,no,
"Moore et al., 2023",299804.61329280003,,69.48,yes,no,
"Moore et al., 2023",299804.61329280003,,41.04,yes,no,
"Moore et al., 2023",676074.5446224001,,239.04000000000002,yes,no,
"Moore et al., 2023",676074.5446224001,,132.12,yes,no,
"Moore et al., 2023",676074.5446224001,,161.28,yes,no,
"Moore et al., 2023",2801.2047201600003,,4.680000000000001,no,no,
"Moore et al., 2023",2801.2047201600003,,0.8280000000000001,no,no,
"Moore et al., 2023",14006.023600800001,,7.920000000000001,no,no,
"Moore et al., 2023",3785.4117840000004,,0.468,no,no,
"Moore et al., 2023",6056.658854400001,,0.14400000000000002,no,no,
"Moore et al., 2023",20441.223633600002,,7.5600000000000005,yes,no,
"Moore et al., 2023",40125.3649104,,38.88,yes,no,
"Moore et al., 2023",40125.3649104,,73.44,yes,no,
"Moore et al., 2023",18927.05892,,0.18000000000000002,no,no,
"Moore et al., 2023",26119.3413096,,3.9600000000000004,no,no,
"Moore et al., 2023",13627.4824224,,0.864,yes,no,
"Moore et al., 2023",76465.3180368,,15.48,yes,no,
"Moore et al., 2023",76465.3180368,,34.56,yes,no,
"Moore et al., 2023",192298.9186272,,165.96,no,no,
"Moore et al., 2023",21198.3059904,,6.12,no,no,
"Moore et al., 2023",4163.952962400001,,0.468,no,no,
"Moore et al., 2023",6435.2000328,,0.432,yes,no,
"Moore et al., 2023",6056.658854400001,,1.548,yes,no,
"Moore et al., 2023",26119.3413096,,0.864,no,no,
"Moore et al., 2023",19305.600098400002,,1.0080000000000002,no,no,
"Moore et al., 2023",731341.5566688001,,54.0,yes,no,
"Moore et al., 2023",304725.648612,,178.56,yes,no,
"Moore et al., 2023",190406.2127352,,194.76000000000002,yes,no,
"Moore et al., 2023",107505.69466560001,,54.36,yes,no,
"Moore et al., 2023",107505.69466560001,,31.680000000000003,yes,no,
"Moore et al., 2023",41639.529624,,1.4400000000000002,yes,no,
"Moore et al., 2023",38232.6590184,,4.32,no,no,
"Moore et al., 2023",38232.6590184,,4.680000000000001,no,no,
"Moore et al., 2023",38232.6590184,,3.6,no,no,
"Moore et al., 2023",361128.2841936,,25.56,yes,no,
"Moore et al., 2023",26119.3413096,,2.628,no,no,
"Moore et al., 2023",643.52000328,,0.036000000000000004,yes,no,
"Moore et al., 2023",3785.4117840000004,,3.204,no,no,
"Moore et al., 2023",1249.18588872,,0.324,no,no,
"Moore et al., 2023",6056.658854400001,,1.9440000000000002,no,no,
"Moore et al., 2023",6056.658854400001,,2.592,no,no,
"Moore et al., 2023",1022.06118168,,0.36000000000000004,no,no,
"Moore et al., 2023",5678.117676,,0.18000000000000002,no,no,
"Moore et al., 2023",3785.4117840000004,,0.108,no,no,
"Moore et al., 2023",3785.4117840000004,,0.25200000000000006,yes,no,
"Moore et al., 2023",14763.1059576,,12.96,yes,no,
"Moore et al., 2023",14763.1059576,,5.04,yes,no,
"Moore et al., 2023",107505.69466560001,,48.24,yes,no,
"Moore et al., 2023",107505.69466560001,,18.36,yes,no,
"Moore et al., 2023",4921.0353192,,2.952,yes,no,
"Moore et al., 2023",12113.317708800001,,6.84,no,no,
"Moore et al., 2023",12113.317708800001,,1.08,no,no,
"Moore et al., 2023",2574.08001312,,2.8440000000000003,yes,no,
"Moore et al., 2023",2574.08001312,,0.684,yes,no,
"Moore et al., 2023",4542.4941408,,0.07200000000000001,no,no,
"Moore et al., 2023",214254.3069744,,81.0,yes,no,
"Moore et al., 2023",10977.6941736,,5.04,no,no,
"Moore et al., 2023",10977.6941736,,1.872,no,no,
"Moore et al., 2023",10977.6941736,,1.116,no,no,
"Moore et al., 2023",26876.423666400002,,10.8,yes,no,
"Moore et al., 2023",4542.4941408,,7.2,no,no,
"Moore et al., 2023",10599.1529952,,0.324,no,no,
"Moore et al., 2023",11356.235352,,1.764,no,no,
"Moore et al., 2025",2271.2470704,,6.5754094193415,unknown,no,
"Moore et al., 2025",319.4887545696,,0.591890392604725,unknown,no,
"Moore et al., 2025",984.20706384,,0.1877447171317771,yes,no,
"Moore et al., 2025",1646.6541260400002,,0.12515116672792248,unknown,no,
"Moore et al., 2025",26497.882488,,,unknown,no,
"Moore et al., 2025",146873.9772192,,98.01920849892625,yes,no,
"Moore et al., 2025",19484.77625617599,,25.02676774999204,yes,no,
"Moore et al., 2025",35961.411948,,28.140715818206665,yes,no,
"Moore et al., 2025",96442.82872686001,,39.217087243408244,unknown,no,
"Moore et al., 2025",29639.77426872,,95.892129207435,unknown,no,
"Moore et al., 2025",39898.24020336,,116.19748764286916,yes,no,
"Moore et al., 2025",20074.038690552,,6.828796990119667,no,no,
"Moore et al., 2025",37475.576661600004,,2.730910756975633,unknown,no,
"Moore et al., 2025",181489.46497733318,,118.3689916535704,yes,no,
"Moore et al., 2025",26690.127329315983,,15.772775660156082,yes,no,
"Moore et al., 2025",39296.359729704,,17.2987318412065,yes,no,
"Moore et al., 2025",5848.461206280001,,2.4728268816558496,no,no,
"Moore et al., 2025",32611.32251916,,2.101527784029071,no,no,
"Moore et al., 2025",622700.238468,,107.75515862705998,yes,no,
"Moore et al., 2025",314729.95118399983,,31.901965175194626,yes,no,
"Moore et al., 2025",697056.5413679994,,167.50569483984626,yes,no,
"Moore et al., 2025",2649.7882488,,3.349400403972083,yes,no,
"Moore et al., 2025",7934.223099264001,,1.399207954431775,yes,no,
"Moore et al., 2025",13344.838342527988,,9.777500554149666,no,no,
"Moore et al., 2025",26611.444841520002,,,unknown,no,
"Moore et al., 2025",19824.201512808002,,2.258039717744079,yes,no,
"Moore et al., 2025",3777.840960432,,0.2474119977920687,no,no,
"Moore et al., 2025",6738.03297552,,,yes,no,
"Moore et al., 2025",25135.13424576,,11.329341822263459,unknown,no,
"Moore et al., 2025",6208.07532576,,0.07107774709720374,no,no,
"Moore et al., 2025",21747.19069908,,7.267522477183499,yes,no,
"Moore et al., 2025",42680.5178646,,59.66222476076708,yes,no,
"Moore et al., 2025",17295.546441096,,0.09196284621494331,no,no,
"Moore et al., 2025",122261.229799632,,17.624407223248,yes,no,
"Moore et al., 2025",10178.972287175962,,14.859984021016416,no,no,
"Moore et al., 2025",20630.4942228,,3.5952112518224957,no,no,
"Moore et al., 2025",14286.144072816001,,43.163361721148334,unknown,no,
"Moore et al., 2025",11235.102174912001,,0.451999882162975,unknown,no,
"Moore et al., 2025",2084.373908663199,,3.0053099756207455,yes,no,
"Moore et al., 2025",73184.62782399986,,14.097855901767957,yes,no,
"Moore et al., 2025",184425.26211648,,233.05391640971416,yes,no,
"Moore et al., 2025",21155.720107830002,,3.249534569569104,no,no,
"Moore et al., 2025",4992.958143096001,,0.23190708728304915,unknown,no,
"Moore et al., 2025",3827.0513136239997,,1.4631248707903373,yes,no,
"Moore et al., 2025",6435.2000328,,1.1466554978714167,no,no,
"Moore et al., 2025",5617.5510874560005,,2.3934102072036834,yes,no,
"Moore et al., 2025",24983.7177744,,0.6800087455394958,yes,no,
"Moore et al., 2025",23361.290283777602,,2.5545876864693873,unknown,no,
"Moore et al., 2025",2873.1275440560003,,,unknown,no,
"Moore et al., 2025",1741.2894206400001,,1.1237914353738083,unknown,no,
"Moore et al., 2025",735316.239042,,37.37747204735058,yes,no,
"Moore et al., 2025",294505.0367952,,218.0680990988079,yes,no,
"Moore et al., 2025",187377.88330800002,,161.10888722944958,yes,no,
"Moore et al., 2025",363239.30219377764,,135.74127328505458,yes,no,
"Moore et al., 2025",106748.6123088,,34.7687067732535,yes,no,
"Moore et al., 2025",38013.105134928,,6.481815154726875,yes,no,
"Moore et al., 2025",36043.429203319974,,2.9536809917724582,no,no,
"Moore et al., 2025",355667.82769518,,33.747048268585786,yes,no,
"Moore et al., 2025",7873.65651072,,2.228184077777029,yes,no,
"Moore et al., 2025",29431.5766206,,1.8472745572866331,no,no,
"Moore et al., 2025",2778.492249456,,0.21957710968044705,no,no,
"Moore et al., 2025",253.62258952800002,,,no,no,
"Moore et al., 2025",2187.968011152,,,unknown,no,
"Moore et al., 2025",2999.7495682308,,3.392062858143725,no,no,
"Moore et al., 2025",1281.3618888839962,,1.542047926347525,no,no,
"Moore et al., 2025",5366.767556766,,1.4517706814068747,no,no,
"Moore et al., 2025",972.850828488,,0.37541241876695747,unknown,no,
"Moore et al., 2025",5678.117676,,0.08616483910206874,unknown,no,
"Moore et al., 2025",4167.738374184,,,no,no,
"Moore et al., 2025",3820.426843002,,0.1477099475518621,yes,no,
"Moore et al., 2025",4494.9493687929225,,1.0906475626199166,yes,no,
"Moore et al., 2025",2335.5990707280002,,1.6841143869944333,yes,no,
"Moore et al., 2025",19662.510352319987,,9.651630846244416,yes,no,
"Moore et al., 2025",110534.0240928,,22.817286030893627,yes,no,
"Moore et al., 2025",64276.29209232,,,no,no,
"Moore et al., 2025",5322.288968304,,2.4119825966213417,no,no,
"Moore et al., 2025",11999.755355279964,,2.003845897718971,no,no,
"Moore et al., 2025",187377.88330800002,,38.276201177848584,unknown,no,
"Moore et al., 2025",2331.0565765872,,4.821352768718208,yes,no,
"Moore et al., 2025",4247.232021647962,,0.26336789868164334,unknown,no,
"Moore et al., 2025",2225.822128992,,,no,no,
"Moore et al., 2025",207553.18176377402,,93.26361792873499,yes,no,
"Moore et al., 2025",10414.614170729961,,1.797738533295458,no,no,
"Moore et al., 2025",26914.277784240003,,25.728790441058333,yes,no,
"Moore et al., 2025",3898.97413752,,6.43079801226125,unknown,no,
"Moore et al., 2025",10572.655112712,,0.15742851986319625,yes,no,
"Moore et al., 2025",10720.286172288,,1.426956525391079,no,no,
"Moore et al., 2025",318878.56878949236,,355.891374270835,yes,no,
"Moore et al., 2025",6283.78356144,,,unknown,no,
"Moore et al., 2025",44554.29669768,,,unknown,no,
"Moore et al., 2025",75708.23568,,35.389427851985126,unknown,no,
"Moore et al., 2025",,,,yes,no,
"Moore et al., 2025",10220.611816800001,,0.6785723293191874,no,no,
"Moore et al., 2025",16478.843848698,,1.5340003042565666,yes,no,
"Moore et al., 2025",,,,unknown,no,
"Moore et al., 2025",143845.647792,,50.786170585676665,yes,no,
"Moore et al., 2025",5678.117676,,1.4884724585327915,yes,no,
"Moore et al., 2025",366806.4018696,,,unknown,no,
"Moore et al., 2025",607937.1325104,,12.706927526325664,unknown,no,
"Moore et al., 2025",214254.3069744,,4.399611807835042,unknown,no,
"Moore et al., 2025",2384809.42392,,48.805400894835415,no,no,
"Moore et al., 2025",22712.470704,,6.44498796399,no,no,
"Moore et al., 2025",734369.886096,,807.975470122779,yes,no,
"Moore et al., 2025",503459.767272,,310.06201042712496,yes,no,
"Moore et al., 2025",29261.23309032,,15.15342517401829,yes,no,
"Moore et al., 2025",352043.295912,,635.7929785437416,yes,no,
"Moore et al., 2025",7154.42827176,,,unknown,no,
"Moore et al., 2025",90849.882816,,2.9421647486422,no,no,
"Moore et al., 2025",35582.8707696,,0.3208523961713479,no,no,
Majumder et al. 2014,500000.0,,2.36529680375,no,no,
Paredes et al. 2019,133056.0,,77.222669875,yes,no,
Paredes et al. 2019,472003.2,,778.94171375,yes,no,
Paredes et al. 2019,205372.8,,275.31560570833335,yes,no,
Paredes et al. 2019,56332.8,,100.72522158333334,yes,no,
Paredes et al. 2019,80956.8,,73.8651625,yes,no,
Paredes et al. 2019,65664.0,,12.758528070833334,yes,no,
Galfalk et al 2021,42000.0,,7.433333333333334,yes,no,
Noyola et al. 2018,475200.0,,63.392857125,yes,no,
Fredenslund et al. 2018,69315.06849,,6.5,yes,no,
Fredenslund et al. 2018,69315.06849,,13.5,yes,no,
Scheutz et al. 2019,19000.0,,8.1,yes,no,
Scheutz et al. 2019,25000.0,,10.0,yes,no,
Scheutz et al. 2019,84000.0,,12.299999999999999,yes,no,
Tauber et al. 2019,52000.0,,0.7286529679166667,yes,no,
"Aboobakar et al., 2013",5500.0,,0.07625570775,no,no,
"Rodríguez-Caballero et al., 2014",21812.0,,0.05625,yes,no,
"Toyoda et al., 2011",75000.0,,0.004904166666666667,no,no,
"Ribera-Guardia et al., 2019",42000.0,,1.4375,yes,no,
"Ribera-Guardia et al., 2019",42000.0,,1.79125,yes,no,
Picot et al. 2003,2760.0,,2.355208333333333,no,no,
"Bao et al., 2016",443500.0,,4.0126190475,no,no,
"Masuda et al., 2018",8.894,,4.365470833333333e-05,no,no,
"Baresel et al., 2022",84.0,,7.475e-05,no,no,
"Baresel et al., 2022",110.4,,0.0009229166666666666,yes,no,
Asadi et al 2021,93000.0,,0.9125,yes,no,
Asadi et al 2021,93000.0,,1.0208333333333333,yes,no,
Asadi et al 2021,93000.0,,1.375,yes,no,
Demir et al 2019,17000.0,,0.0,yes,no,
Liu et al. 2014,500000.0,,0.8766270833333333,no,no,
Liu et al. 2014,500000.0,,11.952916666666667,no,no,
"Kyung et al., 2015",5500.0,,10.2947625,no,no,
"Hernandez-Paniagua et al., 2014",16.9,,0.03318775,no,no,
Yapıcıoğlu and Demir 2021,3545.0,,0.14694642858333332,no,no,
Yapıcıoğlu and Demir 2021,1790.0,,0.162,no,no,
Yapıcıoğlu and Demir 2021,1230.0,,0.9420000000000001,no,no,
GWRC 2011,8000.0,,3.3333333333333335,no,no,
GWRC 2011,20000.0,,4.383561645833333,no,no,
Toprak 1995,1336.73,,1.946025,no,no,
Toprak 1995,1336.73,,1.9034000000000002,no,no,
Toprak 1995,1336.73,,1.40895,no,no,
Toprak 1995,1336.73,,2.240525,no,no,
Toprak 1995,1336.73,,2.249825,no,no,
Toprak 1995,1336.73,,2.488525,no,no,
Toprak 1995,1336.73,,3.592125,no,no,
Toprak 1995,1336.73,,3.77735,no,no,
Paredes et al. 2015,13824.0,,53.72011816666667,no,no,
Paredes et al. 2015,19008.0,,16.78753693333333,no,no,
Paredes et al. 2015,66960.0,,47.005103416666664,no,no,
Paredes et al. 2015,89510.4,,238.38302445833332,no,no,
Paredes et al. 2015,117244.8,,537.2011816666667,no,no,
"Schneider et al., 2015",64100.0,,0.048749999999999995,no,no,
"Masuda et al., 2018",2.292,,4.015775e-05,no,no,
Ho et al 2021,95238.09524,,162.01,no,no,
"Bao et al., 2016",75200.0,,2.2683095237499997,no,no,
Liu et al. 2014,80000.0,,0.29038800000000003,no,no,
Liu et al. 2014,80000.0,,5.313553333333333,no,no,
Souza et al. 2012,1.26,,0.00105,no,no,
Souza et al. 2012,1.63,,0.0012041666666666665,no,no,
Souza et al. 2012,27.32,,0.021179166666666666,no,no,
"Masuda et al., 2018",14.377,,0.00030694895833333335,no,no,
"Tumendelger et al., 2019",5000.0,,0.020738888875,no,no,
Yver Kwok et al. 2015,67200.0,,1.425,yes,no,
Guha et al. 2020,166547.9452,,120.0,no,no,
"Yan et al., 2014",230000.0,,3.8333333333333335,no,no,
"Yan et al., 2014",230000.0,,6.708333333333333,no,no,
"Hwang et al., 2016",1710000.0,,27.76839075,Digester not in measurement,no,
"Ren et al., 2013",50000.0,,1.1420091325,no,no,
"Ren et al., 2013",50000.0,,2.7127853883333333,no,no,
"Ren et al., 2013",100000.0,,8.677397258333334,no,no,
"Kosse et al., 2016",278011.0,,20.00171232916667,yes,no,
"Ren et al., 2013",100000.0,,27.55216895,no,no,
Wang et al. 2011,300000.0,,1.6090182649999998,yes,no,
Wang et al. 2011,300000.0,,2.53344748875,yes,no,
Czepiel et al. 1993,3500.0,,0.049086758,no,no,
"Masuda et al., 2015",327178.0,,15.697727791666667,no,no,
"Chen et al., 2016",18000.0,,0.011000000000000001,no,no,
"Chen et al., 2016",18000.0,,0.018887499999999998,no,no,
"Hwang et al., 2016",1710000.0,,25.780002749999998,Digester not in measurement,no,
Noyola et al. 2018,198720.0,,52.96803654166666,no,no,
"Tumendelger et al., 2019",14700.0,,0.0065611111250000005,yes,no,
"Yan et al., 2014",70000.0,,3.5,no,no,
"Ren et al., 2013",175000.0,,3.6420091325,no,no,
"Ren et al., 2013",175000.0,,9.233904108333332,no,no,
Lamb et al. 2016,222758.41,,103.2,no,no,
"Samuelsson et al., 2018",403561.6438,,31.0,yes,no,
Guha et al. 2020,402265.7534,,204.0,yes,no,
Guha et al. 2020,402265.7534,,290.0,yes,no,
Guha et al. 2020,402265.7534,,427.0,yes,no,
Guha et al. 2020,226843.8356,,82.0,yes,no,
Guha et al. 2020,226843.8356,,91.0,yes,no,
Guha et al. 2020,250698.6301,,83.0,yes,no,
Guha et al. 2020,250698.6301,,130.0,yes,no,
Guha et al. 2020,259378.0822,,229.0,yes,no,
Guha et al. 2020,264791.7808,,62.0,yes,no,
Guha et al. 2020,264791.7808,,80.0,yes,no,
Daelman et al. 2012,88760.0,,12.583333333333334,yes,no,
Galfalk et al 2022,42000.0,,10.319634704166667,yes,no,
"Delre et al., 2017",19000.0,,11.875,yes,no,
"Delre et al., 2017",24000.0,,8.6,yes,no,
"Delre et al., 2017",30000.0,,2.9,yes,no,
"Delre et al., 2017",150000.0,,14.166666666666666,yes,no,
"Delre et al., 2017",12000.0,,2.733333333333333,yes,no,
"Yoshida et al., 2014",46097.0,,26.02,yes,no,
"Yoshida et al., 2014",46584.0,,68.52,yes,no,
"Yoshida et al., 2014",46832.0,,92.25999999999999,yes,no,
"Yoshida et al., 2014",48154.0,,84.42,yes,no,
"Yoshida et al., 2014",51279.0,,31.7,yes,no,
"Yoshida et al., 2014",59406.0,,10.549999999999999,yes,no,
"Yoshida et al., 2014",69315.06849,,4.99,yes,no,
"Yoshida et al., 2014",69315.06849,,6.84,yes,no,
"Yoshida et al., 2014",69315.06849,,39.22,yes,no,
"Fredenslund et al., 2023",,,9.39,yes,yes,466.62
"Fredenslund et al., 2023",,1000000.0,14.52,yes,yes,445.0
"Fredenslund et al., 2023",,300000.0,9.25,yes,yes,216.6
"Fredenslund et al., 2023",,350000.0,17.98,yes,yes,158.5
"Fredenslund et al., 2023",,220000.0,28.16,yes,yes,383.0
"Fredenslund et al., 2023",,290000.0,3.58,yes,yes,107.22
"Fredenslund et al., 2023",,420000.0,7.39,yes,yes,103.33
"Fredenslund et al., 2023",,130000.0,4.98,yes,yes,56.0
"Fredenslund et al., 2023",,200000.0,8.99,yes,yes,86.8
"Fredenslund et al., 2023",,,1.6,yes,yes,14.04225
"Fredenslund et al., 2023",,19300.0,7.52,yes,no,
"Fredenslund et al., 2023",,125000.0,5.87,yes,yes,100.75
"Fredenslund et al., 2023",,130000.0,7.37,yes,yes,23.68
"Fredenslund et al., 2023",,30000.0,2.27,yes,yes,20.7
"Fredenslund et al., 2023",,100000.0,3.24,yes,yes,76.37
"Fredenslund et al., 2023",,40000.0,1.3,yes,yes,28.31
"Fredenslund et al., 2023",,60000.0,6.64,yes,yes,11.43
"Fredenslund et al., 2023",,50000.0,1.98,yes,yes,28.39
"Fredenslund et al., 2023",,26000.0,1.6,yes,yes,22.0
"Fredenslund et al., 2023",,,3.55,yes,yes,24.74
"Fredenslund et al., 2023",,85000.0,4.72,yes,yes,7.26
"Fredenslund et al., 2023",,,3.52,yes,yes,17.75
"Fredenslund et al., 2023",,80000.0,6.82,yes,yes,34.13
"Fredenslund et al., 2023",,330000.0,6.73,yes,yes,86.0
"Fredenslund et al., 2023",,150000.0,8.95,yes,yes,41.0
"Galfalk et al., 2025",,,153.33333333333334,unknown,yes,
"Galfalk et al., 2025",,,518.7499999999999,yes,yes,53.18721461187214
"Galfalk et al., 2025",,,1962.0833333333333,yes,yes,67.09771689497717
"Galfalk et al., 2025",,,4851.666666666666,yes,yes,201.04767123287672
"Galfalk et al., 2025",,,1181.6666666666665,yes,yes,68.24328767123288
"Galfalk et al., 2025",,,697.9166666666666,yes,yes,57.278538812785385
"Galfalk et al., 2025",,,1794.5833333333333,yes,yes,154.2429223744292
"Galfalk et al., 2025",,,3193.75,yes,yes,106.37442922374429
"Galfalk et al., 2025",,,19626.249999999996,yes,yes,621.0630136986301
"Galfalk et al., 2025",,,2601.25,no,yes,
"Galfalk et al., 2025",,,854.9999999999999,yes,yes,15.956164383561644
"Galfalk et al., 2025",,,6002.916666666666,yes,yes,144.0146118721461
"Galfalk et al., 2025",,,13293.75,no,yes,
